# https://github.com/mikedh/trimesh
v -0.00464947 -0.05347443 -0.39840471
v -0.00402395 -0.04946847 -0.39859856
v 0.01446203 -0.05416190 -0.39405301
v 0.00618331 -0.04605905 -0.39483442
v -0.00607739 -0.05667500 -0.39475948
v -0.03346161 -0.04603707 -0.39178973
v -0.00751929 -0.04566435 -0.39480844
v 0.02489811 -0.04634184 -0.39311572
v 0.02058738 -0.04949245 -0.39473649
v 0.01260843 -0.05600850 -0.39097035
v -0.04212804 -0.04948246 -0.39035981
v 0.03230649 -0.05288387 -0.39026289
v -0.02145272 -0.05556584 -0.39068457
v -0.03702890 -0.04293642 -0.38796663
v 0.04119874 -0.04619195 -0.38930162
v -0.02627906 -0.04940052 -0.39440275
v -0.02954358 -0.05291885 -0.39219542
v -0.00729247 -0.05668699 -0.38952545
v 0.04661763 -0.04281851 -0.38588221
v -0.05945089 -0.04779573 -0.38592818
v 0.04019250 -0.05013096 -0.38937156
v -0.05170777 -0.04457318 -0.38777877
v 0.02903297 -0.05459857 -0.38552448
v -0.04178530 -0.05341647 -0.38685048
v 0.02811767 -0.04283050 -0.38938256
v -0.03053183 -0.05474946 -0.38658168
v 0.03987674 -0.05328457 -0.38586323
v -0.05496430 -0.05228333 -0.38285251
v -0.06172816 -0.05029084 -0.38236488
v 0.04871704 -0.04762287 -0.38415752
v -0.00864044 -0.05418389 -0.38351101
v 0.04893687 -0.04014454 -0.38313929
v 0.05693180 -0.04368885 -0.37959498
v -0.06628471 -0.04233987 -0.38230093
v -0.05040575 -0.05237026 -0.38017254
v -0.06617679 -0.03937313 -0.38062720
v 0.03966990 -0.05202253 -0.37861972
v 0.05419288 -0.03657525 -0.37876261
v 0.04676951 -0.05053066 -0.37948207
v 0.05700874 -0.03939411 -0.38038039
v -0.06805936 -0.04668957 -0.37905739
v -0.00269196 -0.03203469 -0.37321282
v -0.07382798 -0.04310429 -0.37508740
v -0.07347325 -0.03929818 -0.37786629
v -0.07436957 -0.03594073 -0.37639741
v -0.05871345 -0.04939052 -0.37336671
v 0.04654169 -0.03261226 -0.37169697
v 0.05715663 -0.04540555 -0.37493652
v 0.06362972 -0.03786627 -0.37668319
v 0.06041716 -0.03487154 -0.37677112
v -0.07964257 -0.03699493 -0.37380737
v -0.06406639 -0.04913372 -0.37462575
v -0.08114943 -0.03269519 -0.37237646
v -0.07102711 -0.03435793 -0.37483759
v 0.03823499 -0.04728612 -0.36974246
v 0.06744583 -0.03975384 -0.37156208
v -0.00355430 -0.04775976 -0.37166500
v 0.06803538 -0.03247936 -0.37280713
v -0.07372006 -0.04281252 -0.36842246
v -0.08425507 -0.02920484 -0.36819463
v 0.03056181 -0.02717338 -0.36425562
v -0.05761029 -0.03306291 -0.37169797
v 0.05964774 -0.04331214 -0.36860932
v 0.07090520 -0.02905296 -0.36785789
v 0.07240606 -0.03362449 -0.37019412
v -0.08395630 -0.03615357 -0.36938573
v -0.08029508 -0.03929818 -0.36877919
v 0.06829018 -0.03956498 -0.36600230
v 0.05432578 -0.04126869 -0.36147573
v 0.07300161 -0.03640238 -0.36579445
v -0.08778539 -0.03278712 -0.36662882
v -0.07265088 -0.02200530 -0.35363768
v -0.05228433 -0.02738722 -0.36298658
v -0.08486261 -0.03577486 -0.36172254
v -0.08941815 -0.02817262 -0.36009578
v 0.07713148 -0.02842543 -0.35768661
v -0.00378713 -0.01910950 -0.35134642
v 0.04907277 -0.03783329 -0.35407634
v -0.00004297 -0.03643835 -0.35286027
v -0.08569398 -0.02582740 -0.36134983
v -0.07852542 -0.03500244 -0.35344283
v -0.05850461 -0.03966291 -0.35684225
v 0.07044755 -0.03542412 -0.35320900
v 0.07290868 -0.03610261 -0.35909953
v -0.08932622 -0.02940969 -0.34988652
v -0.08607869 -0.03234046 -0.35231868
v -0.06590899 -0.03397822 -0.34766721
v 0.07603931 -0.03293201 -0.35863389
v 0.07583646 -0.02467828 -0.35556721
v -0.09065422 -0.02384990 -0.34779411
v -0.08914136 -0.02085018 -0.34690279
v 0.07651195 -0.03268520 -0.35073088
v 0.08037801 -0.02366504 -0.34647012
v 0.06163623 -0.03281910 -0.34510115
v 0.07329938 -0.02297457 -0.35387949
v 0.05871645 -0.01814723 -0.34552983
v 0.05409496 -0.02506698 -0.35846901
v -0.09034045 -0.02604624 -0.33778471
v -0.05297880 -0.01197192 -0.33796457
v 0.03661522 -0.02701950 -0.33706825
v 0.07951567 -0.02930277 -0.34620032
v -0.04759189 -0.02014671 -0.32613954
v 0.03832292 -0.01096468 -0.33670153
v -0.08417413 -0.01556619 -0.33818041
v 0.07559764 -0.03123730 -0.34262603
v 0.07931082 -0.01784246 -0.33952139
v 0.08274422 -0.02580042 -0.33582819
v -0.09197122 -0.02200530 -0.33299534
v -0.08428805 -0.02846840 -0.33868702
v -0.09205116 -0.01856491 -0.33387167
v 0.07940375 -0.02839246 -0.33686640
v 0.04068813 -0.00384608 -0.32393921
v -0.07911697 -0.02493408 -0.32878753
v -0.06689824 -0.02792881 -0.33690038
v 0.07170459 -0.02589235 -0.32885848
v -0.00129602 -0.00599645 -0.32852473
v 0.08463878 -0.01844301 -0.33174829
v 0.08427805 -0.02196633 -0.33418144
v 0.06537640 -0.01317500 -0.33461211
v -0.08921331 -0.01390045 -0.33148149
v 0.05236027 -0.02936472 -0.33930755
v 0.08180393 -0.02576445 -0.32852173
v -0.09033746 -0.02250692 -0.32314881
v -0.09340413 -0.01592692 -0.32440786
v 0.08586985 -0.02238302 -0.32447580
v -0.05004803 -0.00297874 -0.32268117
v 0.08316190 -0.01532837 -0.33004658
v 0.08165504 -0.01148728 -0.32413606
v -0.09266669 -0.01898559 -0.32142012
v 0.04110481 -0.01725691 -0.32073264
v 0.08818009 -0.01728888 -0.31779887
v -0.08028608 -0.00672390 -0.31854930
v -0.00769017 -0.01884070 -0.32423699
v 0.06652153 -0.00651506 -0.31948359
v 0.07686168 -0.02231307 -0.31797474
v -0.05065557 -0.01663138 -0.31968744
v 0.08297704 -0.02305151 -0.31887006
v -0.09289052 -0.01151626 -0.31731724
v -0.08853482 -0.00858449 -0.31689955
v 0.08682812 -0.01505058 -0.32276310
v -0.08799523 -0.02171852 -0.31722630
v -0.07540479 -0.01960313 -0.31541268
v 0.00326652 -0.01537334 -0.31638095
v -0.04779474 -0.00065850 -0.31613613
v 0.08672220 -0.01221074 -0.31484111
v -0.04881796 -0.01450200 -0.31343618
v 0.04100888 -0.00135097 -0.31628302
v -0.05745541 -0.00155582 -0.31309644
v 0.04224595 -0.01546626 -0.31385186
v -0.05003204 -0.01186999 -0.29017683
v 0.04260667 0.00116312 -0.29180160
v 0.04132964 -0.01264141 -0.29147684
v -0.09225400 -0.00798794 -0.28896974
v 0.08289211 -0.01945424 -0.28944538
v 0.08699000 -0.01853594 -0.29321153
v 0.08185989 -0.00972362 -0.31693752
v -0.09038942 -0.01889366 -0.29857146
v -0.09287853 -0.01569010 -0.28736296
v -0.08360556 -0.01787744 -0.29001595
v 0.07583146 -0.01875077 -0.28881886
v -0.05123612 0.00211539 -0.28640569
v -0.09343910 -0.01123048 -0.28276545
v -0.08783336 -0.00518207 -0.28524357
v 0.08235252 -0.00690176 -0.29042964
v -0.03717579 0.00208941 -0.28994201
v 0.08841691 -0.01473782 -0.28735897
v -0.05438474 0.00194353 -0.28413641
v 0.08814612 -0.01160519 -0.28403949
v 0.08573295 -0.00816081 -0.28341996
v -0.08909240 -0.01789242 -0.28188812
v 0.03680407 -0.01238360 -0.28494979
v 0.03979580 0.00164275 -0.28462704
v 0.07480124 -0.00489229 -0.28393057
v -0.08241147 -0.01784246 -0.27953191
v -0.04930059 -0.01180904 -0.28225884
v 0.08701997 -0.01887968 -0.27923513
v 0.04139459 -0.01284326 -0.27941499
v 0.04217700 0.00128303 -0.27895734
v -0.04540855 0.00164975 -0.27363238
v 0.07562162 -0.01946623 -0.27698784
v 0.08288311 -0.02271477 -0.25570898
v -0.09213609 -0.01793939 -0.27102536
v -0.05304775 -0.01592791 -0.25090363
v -0.04407056 -0.01525642 -0.25076273
v -0.09037843 -0.00816980 -0.26539363
v 0.06632068 -0.00661598 -0.25092161
v 0.08166104 -0.01000541 -0.25186889
v 0.08727478 -0.01149628 -0.26437840
v 0.08847487 -0.01549025 -0.25561705
v -0.08186089 -0.00732144 -0.25030408
v -0.09332619 -0.01529040 -0.25273324
v 0.07557466 -0.02230408 -0.25233554
v 0.08653934 -0.02271177 -0.24897909
v 0.08866073 -0.01875377 -0.25266829
v 0.04217100 -0.01615374 -0.25260633
v -0.08891354 -0.02135680 -0.25211271
v 0.04161143 -0.00207942 -0.24978348
v -0.09264670 -0.01950720 -0.24663287
v -0.08210370 -0.02115994 -0.25057488
v -0.04970728 -0.00127203 -0.25014320
v -0.09240589 -0.01221473 -0.25236552
v -0.08916734 -0.01017828 -0.24264989
v 0.07664884 -0.02332330 -0.23240366
v 0.08578991 -0.01217576 -0.24441555
v 0.02682964 -0.00214737 -0.24189346
v -0.00274991 -0.01630363 -0.22965475
v -0.08340971 -0.02218317 -0.22930801
v -0.02649190 -0.00157980 -0.24552571
v -0.07854840 -0.00755827 -0.22883337
v 0.04284249 -0.01712601 -0.22998650
v 0.08215566 -0.02403976 -0.22399005
v 0.08805119 -0.02222014 -0.21949246
v 0.02318341 -0.00143791 -0.23951727
v 0.04751095 -0.00382710 -0.22756833
v -0.00336944 -0.00129502 -0.23939436
v -0.02549066 -0.00141792 -0.23863793
v -0.02000082 -0.00148088 -0.23973710
v -0.00816480 0.01318000 -0.23614682
v -0.02353314 0.00524002 -0.23718104
v 0.00837864 0.01376056 -0.23617280
v -0.01724392 0.00721453 -0.23551031
v -0.04977224 -0.01631262 -0.22984061
v 0.07552569 -0.00944284 -0.22737248
v 0.02616814 -0.00120808 -0.23571615
v 0.02428957 0.00508314 -0.23571415
v 0.01594390 0.00776111 -0.23550031
v -0.02760406 -0.00218834 -0.21677053
v -0.01190796 0.00578561 -0.23859597
v 0.01239460 0.00597447 -0.23860696
v 0.02327334 0.00347237 -0.23881380
v -0.01019127 0.01426618 -0.23258752
v -0.08981385 -0.02233206 -0.22840770
v -0.02393084 0.00498921 -0.20852278
v -0.00511312 0.01984494 -0.23244163
v -0.01382651 0.00906912 -0.23519055
v 0.01153825 0.01391144 -0.23269544
v 0.00656302 0.01956515 -0.23321505
v 0.08404723 0.03813706 -0.23217883
v 0.02794779 -0.00261602 -0.21836132
v 0.07764209 0.04868506 -0.23279537
v 0.08590282 -0.01217676 -0.18105962
v 0.00624426 0.01899559 -0.22603849
v 0.01090872 0.01541630 -0.22701475
v -0.08629852 0.03744859 -0.22945590
v 0.06712007 0.03592774 -0.22955882
v -0.07870728 0.03206067 -0.22944791
v 0.07727737 0.02737523 -0.22874044
v 0.08707993 0.02431555 -0.22566678
v 0.08953806 0.03017810 -0.22735649
v -0.08745265 0.04967331 -0.22946689
v 0.09022654 0.04330714 -0.22980064
v 0.06709509 0.04669457 -0.23040418
v -0.07686768 0.05858555 -0.22910517
v 0.06947129 0.05539597 -0.22942193
v -0.06649355 0.05284091 -0.22920709
v -0.04940651 -0.00222331 -0.22733751
v 0.07845147 0.06067896 -0.22873944
v 0.08983684 0.05590458 -0.22788209
v 0.07488218 0.03749755 -0.23220881
v -0.07658589 0.04009058 -0.23175316
v -0.06880779 0.04522668 -0.23106468
v -0.07724039 0.05063558 -0.23155531
v 0.08662827 0.05284990 -0.23068896
v 0.00600344 0.01092271 -0.22514717
v 0.00460950 0.01330391 -0.22753836
v -0.01003239 0.01400637 -0.22114621
v -0.00238819 0.00921701 -0.22557584
v -0.00459152 0.01388447 -0.22569875
v -0.08995675 0.03547209 -0.22578169
v 0.06675135 0.02834349 -0.22611344
v -0.07674077 0.02184243 -0.22348243
v 0.06341488 0.04123771 -0.22586962
v -0.06700416 0.03183884 -0.22791807
v -0.06370366 0.04095293 -0.22792007
v -0.09143762 0.04384973 -0.22447768
v 0.09309836 0.03999965 -0.22536101
v -0.08971293 0.05323361 -0.22627232
v 0.02582640 0.00182462 -0.20785429
v 0.06490675 0.05925004 -0.22405800
v 0.01761763 0.00680284 -0.20383234
v -0.06205592 0.05190062 -0.22442272
v -0.07610526 0.06598593 -0.22454962
v 0.09219205 0.05656808 -0.22439174
v -0.06656050 0.06255953 -0.22509721
v 0.08613664 0.06223178 -0.22646117
v -0.00486431 0.01933133 -0.22537000
v 0.08623457 -0.02359110 -0.20342965
v -0.00223131 0.01220674 -0.22831876
v -0.06624074 0.02344521 -0.22201555
v 0.06685128 0.02112697 -0.22087441
v 0.07699558 0.02168055 -0.22498429
v -0.06178712 0.02739222 -0.21915671
v -0.09275063 -0.01979098 -0.21289447
v -0.09230696 -0.01512852 -0.18363667
v 0.06316607 0.02625608 -0.21895687
v 0.02555761 -0.00148687 -0.21134264
v 0.00259803 0.00888126 -0.22190363
v 0.06270242 0.03845482 -0.22174675
v 0.01480577 0.00876135 -0.20639440
v -0.09169643 0.05626831 -0.22025688
v 0.01202188 0.01300613 -0.21593816
v 0.09264770 0.02285366 -0.21716423
v -0.08957703 0.06489476 -0.21993912
v -0.08528629 0.06412734 -0.22440973
v -0.06103669 0.04431937 -0.22167780
v 0.06313809 0.06086282 -0.21866409
v 0.06943132 0.06425924 -0.22462956
v -0.06336492 0.06503565 -0.21989316
v -0.00754627 0.01944325 -0.22261609
v -0.00338343 0.01375656 -0.22170178
v -0.01065192 0.02797577 -0.22143199
v 0.08911139 -0.01873279 -0.20769041
v 0.09126675 0.06594496 -0.21962636
v 0.07862235 0.06941433 -0.22147196
v 0.00423279 0.01504259 -0.21998609
v 0.00967466 0.01581100 -0.21931260
v 0.00920302 0.01910550 -0.22216343
v -0.08574394 0.02307249 -0.22246920
v -0.02028161 0.00651606 -0.19707647
v -0.01353973 0.00879433 -0.20963494
v 0.00797595 0.02439349 -0.22308074
v 0.01584398 0.03366246 -0.21861812
v 0.00182162 0.03094252 -0.22083944
v -0.08327182 -0.02224912 -0.18133141
v 0.01670832 0.02634201 -0.21716023
v 0.01546626 0.02903097 -0.22007602
v -0.09128174 0.03543611 -0.21356696
v 0.07772902 0.01510554 -0.21740504
v 0.08875766 0.01761364 -0.21735009
v -0.06095175 0.06075390 -0.21594215
v 0.07998931 -0.02377796 -0.17496125
v -0.01486272 0.02738322 -0.21909276
v 0.09297046 0.04555344 -0.21864710
v -0.00703366 0.01566711 -0.21868807
v -0.00692275 0.01892764 -0.21746100
v -0.00349735 0.01556019 -0.21900883
v 0.00033375 0.01395941 -0.21868707
v 0.00569768 0.01841803 -0.21743302
v 0.06677933 -0.00711760 -0.14127681
v -0.01158121 0.02278271 -0.21786270
v -0.00246713 -0.01623668 -0.18740980
v -0.01609279 0.03353456 -0.21838530
v -0.07699558 0.07272982 -0.21742703
v -0.09002170 0.02518889 -0.22020892
v -0.09175638 0.02235604 -0.21099091
v 0.00664896 0.01504558 -0.21837131
v 0.01002539 0.01983195 -0.21805955
v 0.01193894 0.02415767 -0.22152592
v 0.06460198 0.01736183 -0.21107285
v -0.00566770 0.01289921 -0.21189223
v -0.09042939 -0.01179105 -0.17967867
v 0.06376262 0.03374839 -0.20835991
v -0.02025763 0.03161601 -0.21547751
v 0.09318130 0.03101846 -0.21920668
v 0.09248982 0.03397023 -0.21360393
v -0.02163259 0.03789924 -0.21489395
v 0.06379859 0.04972227 -0.21163742
v 0.06299520 0.06870387 -0.20385233
v -0.08729676 0.07195341 -0.21434636
v 0.06533643 0.06880080 -0.21536359
v 0.09323026 0.06000847 -0.21173535
v -0.06842109 0.07123395 -0.21745501
v -0.08561204 0.01447402 -0.21011957
v -0.08891254 0.01718596 -0.21132965
v 0.06961518 0.07090120 -0.21740005
v -0.02521087 -0.00147088 -0.20439092
v -0.06666642 0.01661639 -0.21447327
v -0.01689718 0.00692974 -0.19369004
v 0.08643841 0.07133887 -0.21749597
v 0.02213520 0.03293401 -0.21620296
v 0.02243698 0.03635142 -0.21589219
v -0.06114860 0.02826755 -0.21338409
v -0.09048035 0.04590317 -0.21384375
v -0.09120080 0.06891971 -0.20881956
v 0.00172969 0.04404558 -0.21330016
v -0.06214585 0.03464371 -0.20753853
v 0.02738822 0.04614799 -0.21107185
v -0.06206691 0.04621793 -0.20818804
v -0.06226576 0.04997808 -0.20713384
v 0.06927644 0.01340183 -0.21081504
v -0.01232065 0.02470725 -0.21168738
v -0.01047605 0.01209582 -0.20918128
v -0.02602525 0.03567293 -0.21169238
v 0.09321927 0.02541472 -0.20893147
v 0.08872968 -0.01527641 -0.19107702
v -0.02525684 0.04622992 -0.21091697
v 0.09073615 0.04472307 -0.21241283
v 0.09034645 0.05233329 -0.20781132
v 0.09066721 0.05335951 -0.20730271
v -0.07774501 0.01334088 -0.21140759
v -0.07793487 0.07611225 -0.21136063
v 0.09329421 0.06309713 -0.21583024
v -0.06544734 0.07355419 -0.21114080
v 0.01109059 0.01266139 -0.21075409
v -0.06879180 0.01290221 -0.20717980
v 0.07863733 0.07580049 -0.21138161
v -0.06198197 0.02088116 -0.21086501
v 0.01937830 0.02906195 -0.20974785
v 0.09102094 0.07061542 -0.21297441
v 0.02879715 0.03641837 -0.21189622
v 0.02809368 0.03976383 -0.21297241
v -0.00101023 0.05009199 -0.20914431
v -0.06191702 0.05432678 -0.20254232
v -0.06149134 0.07035762 -0.20464473
v -0.03182585 0.03632444 -0.20917329
v -0.08802421 -0.01030018 -0.17987752
v -0.01473582 0.02903597 -0.20402919
v 0.06277837 0.01971404 -0.19854136
v -0.00458652 0.02926979 -0.20014614
v 0.00864144 0.02569750 -0.20673514
v 0.06218182 0.04164140 -0.20910534
v 0.09119980 0.01483175 -0.20632145
v 0.07844448 0.01147030 -0.20939912
v 0.08923130 0.03925322 -0.20845284
v 0.06218282 0.04711225 -0.20864369
v 0.06383157 0.05217241 -0.20817904
v -0.09125176 0.02569650 -0.19623011
v -0.08919233 0.07502607 -0.20030302
v -0.08734673 0.03937612 -0.20717281
v 0.08605071 0.04131066 -0.20863070
v -0.08674418 0.04600110 -0.20845284
v 0.08743766 0.04346402 -0.20890749
v 0.09380383 0.04414051 -0.20893347
v -0.06170418 0.04148952 -0.20810110
v 0.06936837 0.07593938 -0.20628248
v 0.02486413 0.03277113 -0.21011757
v -0.09034145 0.05323561 -0.21131766
v 0.02940069 0.03355254 -0.20608463
v -0.08641044 0.05163882 -0.20623952
v 0.03552405 0.03615157 -0.20924623
v -0.03065074 0.03997867 -0.21171836
v -0.03669216 0.04340906 -0.21077208
v 0.03969888 0.04156047 -0.21131766
v 0.01089473 0.01399538 -0.19347220
v -0.05245120 0.05345744 -0.20442289
v 0.02486114 0.00543887 -0.19295659
v 0.05432278 0.05329756 -0.20423104
v -0.06087281 0.06669739 -0.20100249
v 0.00007195 0.05331854 -0.20552006
v -0.03544810 0.03373340 -0.20350559
v -0.02385290 0.03292402 -0.20473666
v -0.00412287 0.01526142 -0.19771898
v 0.06211787 0.03595372 -0.20538217
v -0.05280493 -0.00269096 -0.15478755
v -0.07605230 0.01085876 -0.20119934
v 0.06830617 0.03844583 -0.20553105
v 0.07094317 0.03748656 -0.20388131
v 0.07738229 0.03875859 -0.20562498
v 0.08614564 0.01118851 -0.20469269
v 0.09340313 0.01949121 -0.19509397
v 0.07742226 0.00982355 -0.20245938
v 0.09041040 0.03266621 -0.20464473
v 0.08883660 0.03878757 -0.20417508
v 0.09317031 0.03832392 -0.20716381
v 0.09678257 0.04054024 -0.20422904
v 0.06856298 0.04538756 -0.20500146
v -0.08516838 0.07740327 -0.20040894
v 0.06197897 0.05085341 -0.20683506
v -0.07603031 0.07845447 -0.20233448
v -0.09161749 0.01990590 -0.19500804
v 0.06432919 0.05376021 -0.20157805
v 0.07800781 0.04984918 -0.20478362
v -0.06828619 0.07760512 -0.19961654
v -0.08926527 0.03247736 -0.20383834
v -0.09256776 0.04124371 -0.20783830
v -0.08925028 0.04082602 -0.20524627
v 0.00672889 0.01530439 -0.19662381
v -0.08632650 0.03555302 -0.20365648
v 0.08881961 0.04416349 -0.20543513
v 0.08721582 0.05072851 -0.20574789
v -0.06403042 0.01401037 -0.19786487
v 0.01737881 0.02920984 -0.20379037
v 0.09645182 0.04895785 -0.20461575
v -0.07702556 0.03979880 -0.20490353
v 0.09121179 0.05667300 -0.20470968
v 0.04672155 -0.01756367 -0.16248971
v -0.06728295 0.03962993 -0.20503943
v 0.09321028 0.06272141 -0.19634602
v 0.06594696 0.07454044 -0.19782890
v -0.06137143 0.03648332 -0.20419207
v 0.07930483 0.07788490 -0.19894705
v 0.08589483 0.07663485 -0.20380636
v -0.09633391 0.04253473 -0.20691201
v -0.09611607 0.05229432 -0.20348161
v 0.09019756 0.07468034 -0.20335071
v -0.08918733 0.04973426 -0.20458777
v -0.09221303 0.05146395 -0.20602268
v -0.07760911 0.04997308 -0.20470668
v -0.09113985 0.06392550 -0.19932476
v -0.06796343 0.04989614 -0.20482359
v -0.06598493 0.04566435 -0.20515334
v -0.05203952 0.03979980 -0.20820403
v 0.06913055 0.04531462 -0.20760448
v -0.07600533 0.04465312 -0.20688503
v 0.07803679 0.04516873 -0.20747758
v -0.06860495 0.04481700 -0.20733868
v 0.03862070 0.03306591 -0.20212963
v -0.06663444 0.05011897 -0.19932976
v -0.08908041 -0.02213121 -0.19269080
v -0.06912155 0.04652670 -0.20110941
v -0.06853700 0.05331255 -0.20002923
v 0.06237267 0.03352256 -0.19963852
v -0.06209289 0.05670697 -0.19512395
v -0.00066649 0.05004803 -0.20145115
v -0.06159826 0.03452381 -0.19998426
v 0.00921001 0.05422086 -0.20152909
v -0.08312293 0.01111457 -0.19761806
v -0.01706605 0.03081762 -0.19475123
v 0.06472789 0.01469885 -0.19679268
v 0.06855698 0.01142033 -0.19552365
v 0.01208083 0.02959854 -0.19922384
v -0.00559376 0.03786627 -0.20220358
v 0.06852501 0.03618155 -0.20258329
v 0.00483933 0.03264123 -0.20055883
v 0.06917851 0.03970487 -0.20160203
v 0.07509102 0.03642936 -0.20274816
v -0.03025504 0.05472947 -0.20149412
v 0.08618461 0.03401619 -0.20184985
v 0.08841891 0.01170912 -0.19481918
v -0.08970094 0.01494566 -0.19779792
v 0.09291050 0.02478919 -0.19652888
v -0.00665895 0.05407097 -0.20147413
v 0.09461521 0.03496147 -0.20102847
v -0.09143862 0.03458376 -0.19945766
v -0.08867272 0.04274457 -0.20127928
v 0.06813230 0.05000906 -0.19957557
v -0.07693962 0.03624350 -0.20006120
v 0.06909358 0.05166980 -0.20274816
v 0.07264888 0.04174632 -0.20189281
v 0.07162965 0.04633484 -0.20117536
v -0.06398045 0.07537381 -0.19694557
v 0.08599075 0.04211804 -0.20209666
v 0.08741467 0.04632985 -0.20137521
v -0.06845606 0.03633243 -0.20108742
v 0.07776500 0.05237026 -0.20006520
v -0.06676334 0.03921425 -0.19764004
v -0.09942556 0.04596512 -0.19663181
v 0.08929625 0.05023488 -0.19688861
v 0.03067672 0.03193577 -0.19789385
v 0.08625755 0.05354837 -0.19916488
v -0.08874367 0.04651571 -0.20115138
v -0.08931923 0.05336451 -0.20035098
v 0.09341612 0.05352839 -0.20228652
v 0.09936161 0.04395465 -0.19954959
v -0.07724439 0.05315067 -0.20005221
v -0.09222702 0.05487037 -0.20070472
v -0.08849086 0.05723357 -0.20135222
v -0.08485961 0.05483939 -0.19619913
v 0.09334018 0.07029766 -0.19956158
v -0.06928943 0.04310429 -0.20137820
v 0.00613934 0.03721876 -0.20259728
v 0.00092730 0.05347143 -0.20289705
v 0.04060419 0.03367345 -0.19709246
v 0.01619171 0.03992471 -0.19792383
v 0.01462790 0.04906877 -0.19935074
v -0.03670815 0.03356953 -0.19831553
v 0.06201395 0.05308272 -0.19809769
v -0.00813483 0.01512852 -0.19441749
v 0.06385155 0.03284608 -0.19163959
v 0.06836513 0.03566294 -0.19556561
v -0.01298615 0.03009616 -0.19750314
v -0.01161918 0.03695396 -0.19911592
v 0.06997391 0.04007060 -0.19803174
v 0.07709051 0.03598769 -0.19584740
v -0.00740738 0.03249235 -0.19896803
v -0.06968313 0.01152526 -0.19468828
v -0.02724133 0.05362731 -0.19804973
v -0.04167738 -0.01605882 -0.15153802
v -0.01249952 0.04837530 -0.19917588
v 0.09077812 0.03282110 -0.19181746
v 0.08800423 0.03592374 -0.19395584
v -0.01575505 0.05335252 -0.19976043
v 0.09651777 0.03740262 -0.19529782
v -0.09124677 0.06924946 -0.18899960
v 0.06925445 0.05232030 -0.19566754
v -0.08759853 0.03370842 -0.19504901
v -0.08944114 0.03619754 -0.19608422
v 0.08613764 0.04048528 -0.19812467
v 0.07272382 0.04673054 -0.19783389
v -0.01354972 0.00878533 -0.18925340
v 0.08568898 0.04673954 -0.19756010
v -0.06100072 0.02065633 -0.19937872
v 0.01343381 0.03298497 -0.19678669
v 0.01741778 0.03033598 -0.19514294
v -0.06782953 0.03604065 -0.19635601
v 0.03917528 -0.01681224 -0.15564191
v 0.09625297 0.05168079 -0.19661882
v 0.09259974 0.05393308 -0.19537276
v -0.09618902 0.05376920 -0.19603626
v -0.08337174 0.04163841 -0.19805273
v -0.08879063 0.04859313 -0.19682866
v 0.07432361 0.07712648 -0.19291263
v -0.07190144 0.04783271 -0.19810669
v 0.02451940 0.05336751 -0.19903898
v -0.06509561 0.04965532 -0.19230409
v -0.06841409 0.04687244 -0.19466730
v 0.00602443 0.04384273 -0.19439850
v -0.06838411 0.05238825 -0.19459035
v 0.02617314 -0.00144191 -0.17951779
v -0.06112262 0.05023389 -0.19128186
v 0.02622910 0.00162177 -0.18275933
v -0.00096427 0.04328915 -0.19502502
v -0.06201395 0.05356935 -0.19718638
v -0.09241488 -0.01856891 -0.19573149
v 0.02138677 0.03970587 -0.19282270
v 0.02314644 0.04829036 -0.19550966
v -0.06076290 0.06229573 -0.18184403
v -0.03757149 0.03620653 -0.19271877
v -0.02377496 0.03164399 -0.19002981
v -0.08547714 0.01314303 -0.18929837
v 0.06273040 0.03617056 -0.19236804
v -0.06863892 -0.00566970 -0.15991966
v -0.00391703 0.02018169 -0.19522487
v 0.06854699 0.03987275 -0.19478221
v -0.01321897 0.03213162 -0.19401479
v -0.01800734 0.04077007 -0.19492610
v -0.05089438 -0.01649448 -0.15081357
v 0.09190826 0.01708604 -0.18861589
v -0.00079340 0.03163000 -0.19497506
v -0.00575363 0.03734466 -0.19395584
v 0.07782095 0.01027520 -0.19299157
v 0.08850585 0.03972686 -0.19466730
v -0.02004879 0.04952342 -0.19679968
v -0.04436034 -0.00192454 -0.16181023
v 0.06898466 0.04591216 -0.19444846
v -0.09636888 0.03588977 -0.19923883
v -0.09687150 0.03943008 -0.19106603
v 0.06618378 0.05003803 -0.19466730
v 0.06431320 0.05319564 -0.19173352
v -0.08900447 0.03908734 -0.19126388
v -0.07759213 0.07837653 -0.19263584
v 0.08617262 0.05122114 -0.19273476
v 0.08838294 0.04652970 -0.19461534
v -0.07794886 0.03754152 -0.19289464
v 0.00792399 0.01693615 -0.19434554
v -0.06222279 0.03596171 -0.19324338
v 0.00624726 0.02912290 -0.19485615
v 0.09108189 0.05518713 -0.19365406
v 0.00576862 0.03209964 -0.19395684
v 0.06464295 0.06947928 -0.18599787
v -0.08534425 0.04309730 -0.19460834
v 0.06930042 0.07484221 -0.18911851
v 0.02305651 0.03092454 -0.19138579
v -0.08556408 0.04658365 -0.19473025
v -0.08834897 0.05149793 -0.19230609
v 0.03135821 0.03272917 -0.19273476
v 0.09091802 0.07310953 -0.19121791
v -0.09256377 0.05425683 -0.19329833
v 0.08665725 0.07514698 -0.18873979
v -0.06914154 0.04304734 -0.19466830
v -0.06909857 0.04649073 -0.19496107
v 0.00143691 0.03833691 -0.19597730
v 0.00283685 0.01911250 -0.19599929
v 0.07240206 0.04312928 -0.19553264
v 0.08595978 0.04322820 -0.19546769
v -0.06551129 0.04780473 -0.19124889
v -0.06573412 0.04998807 -0.19122591
v 0.00146689 0.04536358 -0.19223214
v -0.06577010 0.05025587 -0.19169855
v -0.06217283 0.05379119 -0.19079224
v 0.02853535 -0.00248911 -0.18041411
v 0.03271518 0.04850620 -0.19041852
v 0.06207790 0.04949844 -0.19170454
v 0.06274939 0.02194335 -0.18772756
v -0.00996644 0.01258345 -0.18472584
v -0.00884829 0.01572607 -0.19130685
v -0.00972862 0.02920684 -0.19104804
v 0.06847305 0.03960595 -0.19114497
v -0.01547326 0.03343063 -0.19038055
v 0.07678274 0.04143156 -0.19057640
v -0.02067231 0.04032940 -0.18962412
v -0.00496723 0.03139818 -0.19374999
v -0.00660299 0.04344703 -0.19183145
v -0.02904396 0.04942450 -0.19111999
v 0.08750261 0.03870164 -0.19068032
v 0.09197621 0.03634842 -0.19122591
v 0.09591123 0.04086599 -0.19122691
v 0.06724198 0.04585121 -0.19048947
v 0.06412035 0.04963834 -0.18890467
v 0.06928743 0.04954241 -0.19169455
v -0.09255477 0.03771838 -0.18985795
v -0.08651636 0.03652329 -0.19142975
v -0.02600627 -0.00201047 -0.18888768
v 0.07748921 0.04924164 -0.19191638
v -0.08552211 0.07533884 -0.18689120
v -0.06691223 0.01515750 -0.18436611
v -0.02382492 0.00548584 -0.18629365
v -0.06200595 0.02084918 -0.18423721
v -0.06629970 0.07436158 -0.18529641
v 0.08911239 0.04634883 -0.19114497
v -0.06181010 0.06958220 -0.18636260
v 0.09440937 0.04719719 -0.18968707
v -0.06167420 0.03823699 -0.19068632
v 0.00696671 0.01560816 -0.19071629
v 0.00822376 0.01744376 -0.19241101
v 0.01068989 0.01777851 -0.19164459
v -0.08845888 0.04488894 -0.19085319
v 0.01168913 0.03230349 -0.19002782
v -0.08935820 0.05078747 -0.18989592
v 0.00944583 0.03737764 -0.19290463
v -0.08641443 0.05306474 -0.19143875
v -0.07772003 0.04973726 -0.19132283
v 0.01760564 0.03253332 -0.19013474
v -0.08892353 0.05463455 -0.18819221
v -0.06773361 0.04006760 -0.19130685
v 0.03861470 0.03765343 -0.19106203
v -0.07134187 0.04972927 -0.19146872
v -0.06841409 0.05003803 -0.19135481
v 0.00348236 0.04157945 -0.18666037
v -0.06233470 0.04344703 -0.18835209
v 0.01428816 0.00889425 -0.16794957
v 0.00019585 0.04251274 -0.18815923
v -0.06203593 0.04995210 -0.18744578
v 0.00713659 0.04732709 -0.18901359
v 0.01340683 0.03692498 -0.18671433
v 0.01139136 0.04437733 -0.18668136
v 0.00363824 0.04731110 -0.18689819
v -0.00249910 0.04748497 -0.18764762
v -0.02446943 0.03612959 -0.18507158
v 0.00656302 0.05003104 -0.18622770
v 0.00282386 0.05267104 -0.18808129
v 0.04008658 -0.00298074 -0.22474248
v 0.02575246 0.04280752 -0.18738482
v -0.01233764 0.01890865 -0.18637159
v 0.03729370 0.04350099 -0.18893664
v 0.03392226 0.04015653 -0.18836408
v 0.06573312 0.01744576 -0.18408133
v -0.01667035 0.03285008 -0.18171412
v 0.08032705 0.01335187 -0.18409532
v -0.01069688 0.03255830 -0.18567512
v -0.01060196 0.03951502 -0.18695015
v 0.08849485 -0.02214120 -0.15949298
v 0.06420428 0.03695696 -0.18783448
v -0.02961453 0.04471807 -0.18780550
v -0.02444745 0.04516973 -0.18887469
v 0.09350805 0.02926380 -0.18378156
v -0.00345438 0.04598611 -0.18615176
v 0.09052132 0.03718179 -0.18812926
v -0.00315361 0.05005602 -0.18782449
v -0.09005167 0.01765860 -0.18665038
v 0.06302018 0.06061401 -0.18036615
v -0.07750519 0.01343181 -0.18420723
v -0.07731534 0.07605030 -0.18422422
v 0.09074615 0.05008400 -0.18786546
v -0.08996774 0.03429198 -0.18679827
v 0.09362796 0.05858455 -0.18486973
v -0.08739169 0.03880256 -0.18944326
v 0.07753317 0.07576252 -0.18654246
v -0.06086682 0.03463072 -0.17593351
v 0.02088216 0.03218658 -0.18396642
v 0.02510195 0.03279012 -0.18630564
v -0.06202494 0.03765043 -0.18735385
v 0.01975501 0.03639439 -0.18611878
v -0.09154554 0.04345103 -0.18711103
v -0.09627595 0.04789166 -0.18867784
v -0.08926827 0.04622992 -0.18847200
v -0.08555109 0.04462714 -0.18789044
v -0.09232295 0.04850919 -0.18735984
v -0.09131072 0.05722658 -0.18152727
v -0.06872486 0.04524667 -0.18932435
v 0.06240465 0.04136162 -0.18922043
v -0.06158727 0.04661163 -0.18859890
v 0.00255106 0.05003903 -0.19157864
v -0.03520229 0.04124271 -0.18891766
v 0.06227075 0.04655268 -0.18943527
v -0.08560105 0.04474605 -0.18767660
v -0.07584545 0.04476204 -0.18948923
v 0.08618761 0.04588219 -0.18938930
v 0.00385907 0.04081903 -0.18392045
v 0.01054300 0.01448301 -0.17538393
v 0.00442664 0.04649172 -0.18387149
v 0.01007835 0.04636282 -0.18185901
v 0.02447043 0.00543887 -0.18170713
v 0.00682582 0.04869405 -0.17827773
v 0.00253807 0.05307573 -0.18415128
v -0.01360368 0.02886810 -0.18348778
v -0.00273892 0.02894504 -0.18474782
v -0.02192037 0.03267221 -0.18557719
v 0.08854881 0.01598187 -0.18295418
v -0.02410971 0.03979181 -0.18454098
v -0.02030060 0.03972186 -0.18435712
v -0.00204645 0.03482158 -0.18425520
v -0.00161677 0.04291544 -0.18445604
v 0.09336616 0.04212504 -0.17919903
v -0.00703366 0.04714323 -0.18508756
v 0.06296423 0.04548749 -0.17519307
v -0.00339043 0.05077847 -0.18407333
v -0.09138466 0.02999524 -0.17697172
v -0.02519788 -0.00137196 -0.17800194
v -0.08924029 0.04175932 -0.18400838
v 0.00993546 0.01572207 -0.18302413
v 0.01509754 0.01852494 -0.18280729
v 0.00462249 0.03219257 -0.18552523
v 0.01465088 0.02977041 -0.18579603
v -0.08927127 0.04866308 -0.18466788
v -0.09124277 0.05891730 -0.17642414
v 0.02100007 0.03825897 -0.18276033
v 0.02621311 0.03659024 -0.18517350
v 0.02553463 0.03981379 -0.18487872
v 0.00034474 0.03235845 -0.18688920
v -0.08903644 0.04660064 -0.18459894
v 0.01729688 0.03285307 -0.18091973
v 0.01753569 0.03616856 -0.18087076
v 0.01778351 0.03277313 -0.18090274
v 0.02147870 0.03594972 -0.17994547
v 0.01373158 0.03664919 -0.17801893
v -0.00210940 0.04838029 -0.18101865
v -0.08939517 0.06974508 -0.18134840
v 0.07080727 0.01411129 -0.18424520
v 0.06498269 0.02480418 -0.17643213
v 0.06323502 0.03163000 -0.17630823
v -0.00867142 0.01568210 -0.17418384
v 0.00069447 0.01492068 -0.17925499
v -0.00274492 0.02063834 -0.18050904
v -0.00373217 0.03092554 -0.18060197
v 0.08964798 -0.01897161 -0.15322074
v -0.01875477 0.03618654 -0.17968466
v -0.01701309 0.03665019 -0.18208085
v -0.01190697 0.03232747 -0.17844860
v -0.01075784 0.03808111 -0.17874738
v 0.00043167 0.03786027 -0.18164018
v -0.08795127 0.01929936 -0.17954577
v 0.09291650 0.06536241 -0.18116854
v -0.09143462 0.04069712 -0.17611237
v 0.07023571 0.06920749 -0.17797796
v -0.06616280 0.06871486 -0.17649109
v 0.00402994 0.01702408 -0.18112057
v 0.08878663 0.06960719 -0.17983055
v 0.00534395 0.03273017 -0.18071388
v 0.01536834 0.03165698 -0.18018728
v 0.00362525 0.03609062 -0.18090074
v 0.01825015 0.03353955 -0.18292421
v -0.00061353 0.04783570 -0.18277932
v 0.00187758 0.05014295 -0.18089874
v 0.00042268 0.02075425 -0.18374558
v 0.01483774 0.03274416 -0.17950980
v -0.06163923 0.02874319 -0.17616933
v 0.01846999 0.03452980 -0.17950780
v 0.01862287 0.03680907 -0.17723952
v 0.01137737 0.03996668 -0.17705066
v 0.02599328 0.00197150 -0.16801752
v 0.06967713 0.02066932 -0.17583259
v 0.01752870 0.00691775 -0.16753988
v -0.08456983 -0.00909910 -0.12875830
v 0.08891953 0.02175449 -0.17587456
v -0.01047106 0.01862587 -0.17582459
v 0.09290851 0.02495207 -0.17929696
v -0.00106819 0.01856591 -0.17618532
v 0.09356201 0.04554544 -0.17338045
v -0.01233464 0.02332530 -0.17577163
v 0.00026180 0.02461233 -0.17757327
v -0.01417724 0.03555003 -0.17778311
v -0.01502460 0.03683605 -0.17800494
v 0.06560322 0.06574312 -0.17849956
v -0.00004896 0.03292602 -0.17730347
v -0.00647908 0.04680549 -0.17936691
v -0.08504647 0.06927843 -0.17626526
v -0.08954406 0.02837947 -0.17314363
v 0.07961459 0.07071435 -0.17812785
v -0.02071728 0.00643911 -0.16401655
v 0.00335146 0.01971504 -0.17740939
v -0.06612783 0.02081321 -0.17651407
v 0.01401437 0.02031259 -0.17629124
v 0.01400837 0.02521887 -0.17494126
v 0.00400696 0.03291602 -0.17728548
v 0.01620071 0.03432196 -0.17953578
v 0.01420222 0.03690100 -0.17363126
v 0.00435470 0.04591416 -0.17511014
v 0.02820260 -0.00251209 -0.16059315
v -0.00306767 0.04761287 -0.17676388
v 0.00946382 0.03861070 -0.17319859
v 0.07891013 0.01974702 -0.17496624
v -0.06151932 0.06105467 -0.17626226
v 0.09257376 0.03797619 -0.17117612
v 0.06529746 0.05618837 -0.17201448
v 0.08628253 -0.02355013 -0.13350270
v -0.00877834 0.03520329 -0.17353533
v 0.06993494 0.06128150 -0.17094430
v -0.01181603 0.03646733 -0.17349536
v 0.07915094 0.06468992 -0.17209143
v -0.00706464 0.03991671 -0.17364824
v 0.08216466 -0.01057198 -0.13199785
v 0.09300943 0.05851260 -0.17605642
v -0.07709650 0.01964609 -0.17475840
v -0.08527830 0.02493708 -0.17181663
v 0.08831599 0.06170918 -0.17202747
v 0.01093770 0.03300696 -0.17322057
v -0.01430315 0.00761622 -0.16743096
v -0.06658548 0.02676969 -0.17099826
v 0.08379442 0.02995727 -0.16825334
v -0.06350581 0.03473764 -0.16988510
v 0.07015177 0.02658982 -0.17094530
v 0.02597729 -0.00148987 -0.16429934
v 0.06502766 0.04087399 -0.16937649
v -0.08992977 0.04748197 -0.16850015
v 0.00968865 0.01462191 -0.17054660
v -0.08926927 0.06063000 -0.17256307
v 0.08867172 0.02846940 -0.17091432
v -0.08523833 0.05885135 -0.16822736
v -0.08150216 0.06518954 -0.17131601
v -0.06186906 0.04799558 -0.17046166
v -0.07549172 0.06852900 -0.17351335
v -0.06612383 0.06077189 -0.17010593
v -0.00568469 0.01809527 -0.17159081
v 0.09079011 0.05255412 -0.16979317
v -0.00223730 0.01917345 -0.16919762
v -0.00759823 0.02251791 -0.16972822
v 0.08942515 -0.01551023 -0.13668929
v -0.00872038 0.02941568 -0.17106121
v -0.00226328 0.03898242 -0.17053461
v 0.01023923 0.02040452 -0.17051762
v 0.00776911 0.02998625 -0.16942545
v -0.02521387 -0.00145290 -0.16440526
v 0.00442264 0.03946406 -0.17074745
v -0.02380394 0.00534994 -0.16745994
v 0.00003697 0.02860430 -0.16706324
v -0.07760012 0.02951061 -0.16726809
v -0.08751760 0.03723675 -0.16727508
v 0.07040258 0.03677410 -0.16671451
v 0.07665884 0.03213262 -0.16708123
v -0.06621476 0.03786527 -0.16656162
v 0.08878663 0.04241382 -0.16686539
v 0.06972610 0.04899383 -0.16645170
v 0.00768817 0.01498563 -0.16846418
v 0.07953565 0.05401102 -0.16654863
v -0.07547873 0.05746440 -0.16635977
v 0.08565201 0.05393508 -0.16744395
v -0.01034615 0.01200589 -0.16855611
v -0.00194053 0.01577103 -0.16808846
v 0.00219933 0.02257787 -0.16720613
v 0.00772914 0.01096168 -0.16418443
v 0.01455596 0.00522104 -0.16288041
v 0.02435352 0.00542388 -0.16396059
v -0.01417524 0.00539790 -0.16318718
v -0.00691176 0.01097667 -0.16458212
v -0.07682071 0.03743959 -0.16462409
v -0.08499151 0.04425042 -0.16505876
v 0.07885517 0.04455120 -0.16498382
v -0.07724139 0.04777775 -0.16400056
v -0.06660047 0.05007501 -0.16603702
v -0.02399280 -0.00201347 -0.15981274
v -0.01896961 -0.00145689 -0.16184520
v -0.00053959 -0.00131200 -0.16243076
v 0.02073926 -0.00151585 -0.16249471
v -0.09130073 -0.01869881 -0.10770428
v -0.08979587 -0.01151027 -0.11317713
v -0.08413117 -0.02217418 -0.13711896
v -0.08888056 -0.02184842 -0.13603978
v 0.03149910 -0.01630863 -0.08491057
v 0.08909440 -0.02195834 -0.09922371
v 0.08646240 -0.01175608 -0.09618602
v -0.02683064 -0.01580701 -0.08869171
v -0.09146160 -0.01523944 -0.09193524
v -0.07533584 -0.02068131 -0.08904843
v 0.09004168 -0.01960612 -0.11241970
v -0.08524032 -0.02196433 -0.08370749
v 0.08039100 -0.02347819 -0.11791153
v -0.04902180 -0.00150686 -0.00542488
v -0.07783694 -0.00723951 -0.07640703
v -0.08902945 -0.02137478 -0.09670063
v 0.04593215 -0.01686520 -0.08052490
v 0.08993776 -0.01432613 -0.07276779
v 0.08627254 -0.02332630 -0.06718402
v -0.05190861 -0.01624967 -0.02783988
v 0.08037402 -0.02298456 -0.04681948
v -0.08964498 -0.01149528 -0.06507962
v 0.09088204 -0.01872279 -0.03445186
v -0.08531427 -0.00914206 -0.05406398
v 0.04151650 -0.00203546 -0.02654186
v -0.04451722 -0.01548625 -0.03156405
v -0.09048435 -0.01866983 -0.01534336
v 0.08112744 -0.00944883 -0.03043491
v -0.08898348 -0.02071928 -0.02088715
v 0.08950809 -0.02190538 -0.03725673
v 0.06768464 -0.00614734 0.01109059
v -0.07434759 -0.00623527 0.00710661
v -0.09094200 -0.01524443 -0.01568910
v -0.04159844 -0.00108917 -0.00389405
v -0.08056687 -0.02129184 -0.02261584
v 0.03842185 -0.01592692 -0.00161477
v 0.04947546 -0.00292578 -0.01813924
v -0.08958203 -0.01146730 -0.01931235
v -0.08559306 -0.02147670 -0.00460051
v 0.08628153 -0.02298256 0.00020085
v -0.04634584 -0.01532337 0.01238860
v 0.04755092 -0.01656143 0.00248012
v 0.09131671 -0.01536434 0.02320339
v 0.08951808 -0.01233464 0.00654403
v 0.08614764 -0.01026421 0.03972886
v -0.07898007 -0.02081621 0.02658982
v -0.08531926 -0.00882930 0.02667476
v 0.08944114 -0.02195534 0.01699710
v -0.08939717 -0.01159920 0.01541031
v 0.08149517 -0.00874936 0.05005102
v -0.08935021 -0.01969406 0.02774095
v -0.09017758 -0.01526642 0.04834832
v 0.01507057 -0.01528740 0.04152349
v 0.09155054 -0.01869182 0.04331214
v -0.02677468 -0.00037971 0.09003169
v 0.04156646 -0.00122207 0.06537340
v -0.08560705 -0.02096110 0.05202253
v 0.08036702 -0.02227210 0.03300995
v -0.05116818 -0.01505058 0.13677722
v 0.05004603 -0.01560716 0.13686316
v -0.08911638 -0.01894363 0.05752835
v 0.08682612 -0.02223313 0.09145061
v 0.08981685 -0.01178406 0.06266245
v -0.08901746 -0.01177706 0.07019374
v 0.08944913 -0.02185941 0.06663644
v -0.08151115 -0.02029360 0.13370655
v -0.07633808 -0.01984794 0.10050075
v -0.08557307 -0.00876835 0.09067220
v -0.07793387 -0.00648808 0.08423209
v 0.09206215 -0.01536534 0.08886357
v 0.09192525 -0.01876476 0.09365494
v 0.08968495 -0.02153866 0.10688590
v -0.04432337 -0.01407432 0.14078618
v -0.08558306 -0.02029060 0.11504771
v -0.03787526 0.00006595 0.13389441
v -0.08893652 -0.01212680 0.10252621
v -0.08917734 -0.01579302 0.12880627
v 0.08221262 -0.02183943 0.09779480
v -0.04834132 -0.00041568 0.13601780
v 0.08560605 -0.00901816 0.12520800
v -0.08820208 -0.01866384 0.11927550
v -0.00294377 -0.01432113 0.13386443
v 0.03822500 -0.00057856 0.13635654
v -0.07995334 -0.00670991 0.13618767
v 0.04275156 -0.01484873 0.13446697
v 0.07474229 -0.00617132 0.14412764
v 0.09052931 -0.01141134 0.11566824
v 0.07848045 -0.02082620 0.14174645
v -0.06954723 -0.01833609 0.14525579
v 0.04914071 -0.00127803 0.13501656
v 0.09252879 -0.01536734 0.14887804
v 0.08631851 -0.02150069 0.15224848
v 0.09146960 -0.01190597 0.15507334
v 0.09192525 -0.01870781 0.15490846
v -0.08819308 -0.01194394 0.16250970
v -0.08577392 -0.00842361 0.17802293
v -0.08646539 -0.01893064 0.16811644
v 0.08968595 -0.02081521 0.16065410
v 0.02392385 -0.01349576 0.18313904
v -0.05100930 0.00070247 0.21392468
v 0.08654134 -0.00792199 0.20273817
v -0.01394442 -0.01293818 0.19024465
v -0.07510601 -0.01802732 0.21348602
v -0.08126534 -0.00576263 0.21129968
v -0.04220598 0.00161577 0.21216602
v 0.07749520 -0.00515409 0.21457719
v -0.08190585 -0.01905154 0.20226853
v -0.02738422 0.00085135 0.17546587
v 0.01284026 0.00057856 0.17622729
v 0.08957004 -0.00949180 0.20088358
v -0.08805219 -0.01528440 0.18842503
v -0.01906753 0.00123506 0.17663798
v 0.02805671 0.00040070 0.17644812
v -0.02518989 0.00203146 0.17890725
v 0.00658500 0.01408831 0.17904915
v -0.02419464 0.00716157 0.17915207
v 0.01349976 0.01037613 0.18049705
v -0.01479378 0.00898019 0.17924800
v -0.00824175 0.01399538 0.17892524
v 0.06711408 0.04118275 0.17931395
v 0.08154013 0.03746158 0.17872239
v 0.06731992 0.05338350 0.17891625
v -0.08788332 0.04376879 0.17891025
v 0.02486713 0.00190156 0.17919204
v 0.02474722 0.00673289 0.18034217
v 0.01712900 0.00875336 0.18036515
v 0.07974250 0.05715863 0.17820179
v 0.02158862 0.00858349 0.18049805
v 0.07424067 0.06343687 0.18098568
v 0.08663227 0.05542395 0.17958474
v -0.08773143 0.05939493 0.18113456
v -0.06659547 0.04606805 0.17941287
v -0.06801140 0.05459258 0.17971764
v -0.07688267 0.05896726 0.17909511
v -0.01362067 0.00603642 0.17663498
v 0.07523492 0.04307432 0.17743437
v -0.07745623 0.04717121 0.17686380
v 0.01026022 0.00865943 0.17734844
v 0.01907453 0.00198150 0.17720155
v 0.01976600 0.00491727 0.17711761
v 0.08497852 0.04569433 0.17788603
v 0.00164675 0.01939329 0.18285826
v -0.07862934 0.02482816 0.18530240
v -0.08353562 0.03319182 0.18067891
v 0.00750431 0.02346420 0.18307509
v -0.06958021 0.03416008 0.18062195
v 0.00979057 0.03042891 0.18418825
v -0.06497970 0.03442688 0.18402837
v 0.00186159 0.03618954 0.18330891
v 0.00272793 0.03997067 0.18302313
v -0.09207913 0.04508479 0.18334589
v -0.00212539 0.04069212 0.18253250
v -0.09199120 0.05777516 0.18545329
v 0.06280934 0.03590176 0.18590794
v 0.06944431 0.03264923 0.18149029
v 0.07667482 0.03089556 0.18112157
v -0.07642901 0.06613982 0.18282228
v 0.08564002 0.02774495 0.18481877
v -0.06288629 0.04500086 0.18411131
v 0.08831499 0.03526924 0.18211982
v -0.06397946 0.05933098 0.18501962
v 0.09185530 0.04033540 0.18526143
v -0.06809933 0.06548931 0.18441707
v -0.04522868 -0.01252550 0.21391269
v 0.06266845 0.05723158 0.18516551
v 0.06523250 0.06481382 0.18536336
v -0.00705465 0.01925839 0.18311206
v -0.00434470 0.03123530 0.18099967
v 0.09051732 0.04625291 0.18138138
v -0.00387306 0.03653728 0.18394943
v 0.08971393 0.06353779 0.18508557
v 0.00917004 0.01657043 0.18470585
v -0.08962500 0.03107043 0.18470386
v 0.00241017 0.02996127 0.18028621
v 0.00840662 0.01906254 0.18607781
v 0.01243357 0.02251891 0.18868084
v 0.01026821 0.03635741 0.18646652
v -0.09301542 0.04349700 0.19000184
v 0.01140535 0.03982278 0.18598289
v 0.00522803 0.04333112 0.18629565
v 0.02808669 0.00099025 0.20449284
v -0.00020385 0.05034180 0.18862188
v -0.09040640 0.06627371 0.18759266
v 0.06690424 0.02708845 0.18579103
v -0.01339184 0.01208783 0.19644495
v -0.00933292 0.01722893 0.18580102
v -0.01296616 0.02232106 0.18837807
v -0.01078482 0.02944166 0.18481577
v -0.01389046 0.03979481 0.18716599
v -0.01149728 0.03583581 0.18776753
v 0.06201694 0.04614699 0.18444006
v -0.00898019 0.04247377 0.18710803
v -0.02604524 0.00149686 0.19981139
v 0.09026851 -0.01912249 0.21234588
v 0.09190826 0.06154031 0.18877776
v 0.06904861 0.06780255 0.18501562
v 0.07515498 0.07251298 0.18808529
v 0.08470173 0.06847205 0.18510155
v -0.08893152 0.02412769 0.18919245
v -0.09230097 0.03206167 0.18866185
v -0.06915653 0.02378795 0.18812526
v -0.00834267 0.03946506 0.18443606
v 0.01346179 0.03384632 0.19124389
v -0.06220081 0.03084160 0.19430757
v -0.08540220 -0.01847298 0.19711344
v 0.01027520 0.04050627 0.18988393
v 0.00584457 0.04936554 0.19011775
v 0.01759965 0.00985452 0.20879358
v 0.06436516 0.02374698 0.19249794
v -0.06237168 0.06602890 0.19382094
v 0.07792887 0.02026862 0.19045849
v 0.06222679 0.02798876 0.19255190
v -0.06477685 0.06929143 0.19108102
v 0.06157328 0.03635741 0.19163660
v -0.01410630 0.03251833 0.19167756
v 0.08635148 0.01933733 0.19457936
v 0.08966497 0.02768300 0.18820820
v -0.00981555 0.01906853 0.19180547
v 0.09168843 0.02471225 0.19481618
v 0.00086734 0.01878075 0.18881474
v 0.07976748 -0.01955117 0.21122873
v -0.00260502 0.01929936 0.19013274
v 0.09203817 0.04431837 0.19001583
v 0.00015588 0.02685163 0.19099608
v 0.06168220 0.06526348 0.19302654
v -0.01191696 0.03978581 0.19048747
v 0.08607769 -0.02003380 0.21445528
v 0.06461098 0.07219822 0.19311148
v -0.00880632 0.04959037 0.19372801
v -0.00412587 0.05042274 0.18946524
v 0.09180434 -0.01530539 0.22151093
v -0.08746564 0.07254296 0.19111699
v 0.08988380 0.06985300 0.19083121
v -0.08384238 0.07081827 0.18736484
v -0.06980703 0.07269085 0.18990291
v -0.02560157 0.00539790 0.20033799
v -0.02379594 0.00872838 0.21166540
v 0.08166704 0.07635207 0.19342224
v 0.09157052 -0.01196692 0.22003905
v 0.08614664 0.07613823 0.19538075
v -0.06367369 0.02913589 0.18874079
v 0.01422221 0.03224853 0.19578245
v 0.00338843 0.03601467 0.19487314
v 0.00422280 0.03248335 0.19346521
v 0.00018886 0.04150551 0.19470027
v 0.01403535 0.01169712 0.20257030
v 0.01143832 0.03526224 0.19772098
v 0.01164117 0.04048928 0.19846541
v -0.09251480 0.05541096 0.19382993
v 0.01744476 0.03576286 0.19276474
v 0.01679825 0.03624950 0.19466929
v 0.01758366 0.03973885 0.19301755
v 0.02460633 0.00828871 0.20921426
v 0.02328733 0.03996268 0.19610321
v 0.00975860 0.04590617 0.19363908
v -0.06344886 0.04000365 0.20068573
v 0.00601743 0.05045672 0.19398381
v -0.06386055 0.05086241 0.20041793
v -0.01487471 0.02196633 0.19691659
v -0.00439367 0.01872279 0.19368604
v 0.00029378 0.01838205 0.19663181
v -0.00367421 0.02840545 0.19280571
v -0.02068131 0.03638040 0.19425561
v -0.01684722 0.03579084 0.19302055
v -0.01936431 0.03629046 0.19371302
v -0.01671432 0.03669915 0.19437852
v -0.01991889 0.04001364 0.19324038
v -0.00392702 0.03500844 0.19221616
v -0.01305310 0.03687702 0.19932176
v 0.06177413 0.05867048 0.19491411
v -0.00121108 0.05381117 0.19327036
v -0.01709103 0.00948680 0.19619014
v -0.08512741 0.01652246 0.19810469
v -0.09051732 0.07348025 0.19611520
v 0.09187729 0.06548731 0.20151310
v 0.09183332 0.07339531 0.20345563
v -0.09267368 0.02690059 0.19524686
v -0.07660488 0.07875524 0.19805173
v -0.09281658 0.03058080 0.19833751
v 0.07038659 0.07584046 0.19318542
v -0.07748721 0.01684322 0.19536077
v -0.06885076 0.01686920 0.19817863
v 0.00358928 0.01953118 0.19323338
v 0.00054858 0.03457477 0.19058339
v 0.00190955 0.04074409 0.19696355
v 0.00827572 0.04761887 0.20305094
v 0.00249511 0.05032382 0.19695056
v 0.00573365 0.05021390 0.19893506
v -0.00947581 0.01931934 0.20055183
v 0.00411288 0.05395806 0.19863628
v 0.01930835 0.04074209 0.19677370
v -0.00285383 0.01937730 0.19640398
v 0.02543270 0.04311329 0.19794381
v -0.00307367 0.02764602 0.19707547
v -0.00098525 0.05608545 0.19731529
v -0.02118992 0.03401219 0.19948864
v 0.06741385 0.01882272 0.19579144
v -0.02464530 0.03994169 0.19673173
v -0.01726790 0.03629046 0.19714941
v -0.01979998 0.04035338 0.19683665
v 0.07789989 0.01522145 0.20002323
v -0.00444263 0.03437092 0.19740622
v -0.02479119 0.04290445 0.19777394
v -0.01067790 0.04763785 0.19934275
v -0.00327851 0.04480400 0.19665679
v -0.00658800 0.04996609 0.19708146
v -0.00394101 0.05085441 0.19525885
v 0.08998273 0.04365887 0.19719338
v -0.00524302 0.05399203 0.20041094
v -0.09285155 0.06539838 0.19326436
v -0.09199220 0.02133181 0.20112540
v -0.06841309 0.07837353 0.20236945
v 0.09002070 0.05403500 0.19776894
v -0.09014061 0.04083202 0.20032800
v 0.00907212 0.01862587 0.19733927
v 0.06240065 0.07333935 0.20260827
v 0.00110416 0.02655785 0.19775595
v -0.06327199 0.02354414 0.19606224
v 0.07794886 0.08041199 0.20188882
v 0.00421980 0.03323678 0.19772198
v 0.02578643 0.00197450 0.21078906
v 0.02083719 0.00991648 0.22713566
v -0.08977788 0.05134204 0.20016712
v 0.02318741 0.03597470 0.19840646
v 0.00106219 0.04636082 0.20154808
v 0.00024881 0.04993811 0.20050087
v -0.02831552 0.03694397 0.20125030
v 0.04725115 0.00076842 0.21062719
v 0.02182744 0.04365787 0.20210265
v -0.01169613 0.02308149 0.20371543
v -0.01204986 0.03312587 0.20299198
v 0.02908193 0.04663861 0.20033200
v 0.03063975 0.04110781 0.20056782
v -0.01649448 0.03610860 0.20530622
v 0.06724798 0.01540231 0.20630347
v 0.06268444 0.02089515 0.20399522
v -0.03117135 0.04453721 0.19989933
v 0.06157828 0.02355912 0.21437734
v -0.02796378 0.04932757 0.20187383
v -0.02409272 0.04518072 0.20120434
v 0.06265946 0.03745958 0.20135722
v -0.00427775 0.04999407 0.20043192
v -0.09270266 0.06592098 0.20454380
v 0.09190327 0.02997825 0.20455779
v 0.08930724 0.03997767 0.20064776
v -0.08930924 0.01813724 0.20015613
v -0.08847687 0.07822864 0.20342565
v -0.07966056 0.08067179 0.20549908
v 0.06279635 0.05089738 0.20196176
v -0.06273940 0.07397787 0.21050328
v -0.06487677 0.07651694 0.20415610
v -0.08980386 0.03614857 0.20557502
v -0.07872027 0.01374657 0.20512836
v 0.08777440 0.04842526 0.20092355
v 0.09330620 0.04505981 0.20062378
v 0.09223102 0.04653169 0.20034299
v 0.00863845 0.01911050 0.20758350
v 0.04715522 -0.01327992 0.21316226
v 0.01181004 0.02185642 0.20329375
v 0.08858579 0.05479043 0.20204969
v 0.09243487 0.05024987 0.20029203
v 0.09613606 0.04952242 0.20097351
v 0.01066791 0.03211863 0.20396924
v 0.08966197 0.06027726 0.20566295
v -0.09133870 0.04795262 0.20036497
v 0.02377696 0.03410312 0.20442989
v -0.09048934 0.05702773 0.20163301
v 0.06673936 0.07808176 0.20116137
v 0.08982185 0.07635706 0.20199174
v 0.00025181 0.03755750 0.19939671
v -0.00194852 0.03287606 0.20000125
v -0.00302371 0.04051126 0.19823859
v 0.08949110 0.04830635 0.19767202
v -0.06282333 0.06346684 0.20971488
v 0.00038671 0.05108924 0.20417508
v 0.02608321 0.04867807 0.20155107
v -0.01117652 0.01614175 0.20403719
v -0.08755357 -0.01170312 0.23140742
v 0.03830094 0.03931017 0.20541114
v -0.01645352 0.03356853 0.20714583
v -0.02021466 0.04199014 0.20562598
v 0.06248259 0.05325060 0.20434096
v -0.01031717 0.03505140 0.20389130
v -0.03865467 0.04002463 0.20435794
v 0.08478367 0.01462990 0.20687903
v 0.06257852 0.04024846 0.20454880
v 0.09033846 0.01832709 0.20676012
v -0.00318358 -0.01246055 0.21316026
v -0.00818979 0.04728212 0.20460975
v -0.00301072 0.04932757 0.20381536
v 0.08735072 0.03975384 0.20447086
v 0.06832216 0.04311329 0.20393227
v -0.09207814 0.04161942 0.20243240
v 0.06519653 0.05323061 0.20451682
v -0.06419629 0.01828912 0.20614759
v 0.07551870 0.04346702 0.20418008
v -0.06331096 0.03621352 0.20429399
v -0.06253555 0.03995369 0.20432697
v 0.01056898 0.01596988 0.21036139
v -0.09608510 0.04231090 0.20582683
v -0.08793128 0.04313027 0.20554504
v -0.08807917 0.04908676 0.20383734
v -0.09585127 0.05299579 0.20515934
v 0.00802191 0.03692099 0.20456778
v -0.08812014 0.05324460 0.20427201
v 0.08907242 0.04076007 0.20489454
v -0.08581389 0.05273599 0.20293902
v 0.01709403 0.03369443 0.20907436
v 0.08939117 0.04739504 0.20383834
v 0.01556919 0.03651529 0.20581784
v -0.09265870 0.05449865 0.20378638
v 0.09747504 0.04295940 0.20376439
v 0.08952707 0.05462455 0.20436194
v 0.09751601 0.05259110 0.20424103
v -0.07697360 0.04063917 0.20509239
v -0.06828919 0.04223296 0.20342965
v 0.08628453 0.05384215 0.20314087
v 0.09314433 0.05421187 0.20268421
v -0.06676934 0.04422744 0.20399322
v -0.06548232 0.05098432 0.20406017
v -0.06546933 0.05344945 0.20380636
v -0.06109964 0.05337250 0.20525526
v -0.06436316 0.05689783 0.20759049
v 0.04001864 0.04521269 0.20154208
v -0.03950103 0.04528664 0.20144515
v -0.08526331 0.04445127 0.20161303
v 0.06226176 0.04540555 0.20133324
v -0.07688366 0.04755592 0.20242241
v -0.06879180 0.04843125 0.20189181
v -0.06177013 0.04488594 0.20140718
v -0.06135844 0.04993711 0.20194977
v 0.06980404 0.04848221 0.20211564
v 0.07632809 0.04807952 0.20255931
v 0.08601574 0.04646774 0.20060979
v 0.08971293 0.04349600 0.20172694
v 0.00106020 0.04671456 0.20779034
v 0.01814523 0.04204310 0.20755352
v -0.06175015 0.03702691 0.20900242
v 0.02064733 0.05292284 0.20945008
v -0.03869164 0.03756350 0.20775836
v 0.02966050 0.05248817 0.20415810
v -0.08616662 -0.00784505 0.22602650
v -0.03078864 0.03501044 0.20876860
v 0.06210088 0.05706270 0.21075809
v -0.00926297 0.01793939 0.20784130
v -0.00287882 0.01927837 0.20689802
v 0.00087134 0.01946123 0.21019052
v -0.00655203 0.02269378 0.20767143
v 0.07478925 0.01366963 0.21268063
v -0.00410688 0.03226752 0.20866068
v 0.06221979 0.03747557 0.20921026
v -0.00569368 0.03732568 0.20741263
v 0.06785152 0.03933715 0.20794122
v 0.07708851 0.03919526 0.20919128
v -0.03391027 0.05279194 0.20439691
v -0.02729029 0.00202047 0.21913073
v -0.09226799 0.01979098 0.21373883
v -0.08760553 0.01471583 0.21452423
v -0.02026562 0.04908376 0.20831094
v -0.02337327 0.05357435 0.20896445
v -0.09262772 0.02811167 0.21942351
v -0.00410489 0.04547949 0.20780233
v 0.08776441 0.03679708 0.20965892
v 0.09302342 0.03826297 0.20633644
v -0.09245285 0.03719478 0.20790525
v -0.09292549 0.06697718 0.21653970
v -0.08536923 0.03893046 0.20543413
v 0.06754375 0.04316425 0.20746059
v -0.09222203 0.07455943 0.21457819
v -0.08803420 0.03972786 0.20753653
v 0.06964616 0.04616197 0.20735867
v 0.06977506 0.05067155 0.20902640
v 0.06544934 0.05346443 0.20763446
v -0.08374246 0.08060484 0.21501286
v -0.06768265 0.01481976 0.21235388
v -0.07343928 0.08075473 0.21087200
v -0.06218682 0.02366404 0.21698836
v 0.06406439 0.05532602 0.20646335
v 0.06906560 0.05561980 0.20746059
v 0.06265746 0.06011039 0.20812908
v -0.06738887 0.03953800 0.20700394
v 0.00620529 0.02323537 0.20783630
v 0.07749420 0.05397305 0.20545511
v 0.00419682 0.02845641 0.20868166
v 0.08593080 0.05741743 0.20891648
v 0.00343839 0.03346361 0.20714183
v 0.08954406 0.04316725 0.20753653
v -0.09878904 0.04713823 0.21137762
v 0.08854382 0.05007301 0.20819703
v -0.07735231 0.04653669 0.20713983
v -0.08535024 0.04715522 0.20726374
v -0.08826903 0.05327058 0.21112581
v 0.03137120 0.03640338 0.20546410
v -0.09145261 0.05725556 0.20779034
v -0.09060825 0.06095575 0.20898543
v 0.09500092 0.05791006 0.20837390
v -0.08548314 0.05603049 0.20746559
v -0.06833515 0.04316625 0.20746259
v -0.07067238 0.04714523 0.20734468
v 0.06901464 0.08039800 0.21376680
v 0.07740127 0.08145520 0.20844784
v -0.06587702 0.05280593 0.20642138
v -0.07660488 0.05378819 0.20559001
v -0.06780955 0.05449066 0.20547809
v 0.01669034 0.04956739 0.21012457
v -0.03873061 0.03610261 0.21313029
v 0.02558159 0.05684787 0.21110882
v -0.01535935 0.01100665 0.22776019
v -0.00612935 0.01867183 0.21016654
v -0.02145872 0.03440190 0.21279454
v -0.01021225 0.03285507 0.21200314
v -0.01430515 0.04089497 0.21111182
v 0.06313909 0.01983795 0.21792165
v -0.00893822 0.03585380 0.21200514
v -0.02975442 0.05699875 0.21119775
v 0.08664726 0.01529739 0.21375681
v -0.07697160 0.01304111 0.21276357
v -0.06677633 0.07848745 0.21555745
v 0.08990778 0.04069612 0.21355896
v 0.09669164 0.03915029 0.20992872
v -0.09411559 0.03859472 0.21420247
v -0.08527730 0.03745358 0.21282652
v 0.06997790 0.04396064 0.21086201
v 0.00613135 0.01793239 0.21240983
v 0.06701515 0.05362032 0.21314228
v 0.08630052 0.04425742 0.21087800
v 0.00829870 0.03289904 0.21165241
v 0.01061894 0.03628747 0.21083003
v 0.08954306 0.05108024 0.21087300
v -0.07696161 0.03875959 0.21272160
v -0.06743383 0.03893945 0.21336111
v 0.02590335 0.03660123 0.21863011
v 0.06943232 0.05592756 0.21273858
v 0.06156729 0.06642160 0.22642620
v 0.03811908 0.03641137 0.21307333
v -0.09758796 0.04357294 0.21240784
v -0.09605612 0.05362231 0.21300838
v -0.09247284 0.04453021 0.21089798
v -0.09256477 0.04665660 0.21077008
v -0.08926427 0.04660064 0.21089798
v 0.09917875 0.04468010 0.21261668
v -0.08557307 0.04359192 0.21087500
v 0.09962241 0.05047570 0.21223397
v -0.08565301 0.05050768 0.21120575
v -0.07264888 0.05031382 0.21074210
v 0.09042939 0.05714064 0.21361892
v 0.09616104 0.05709168 0.21253074
v -0.09246884 0.05744042 0.21252575
v -0.08545816 0.05665601 0.21337710
v 0.06200695 0.07295165 0.21727714
v -0.06998790 0.04339807 0.21101189
v 0.06502666 0.07809574 0.21421047
v 0.08601873 0.08031906 0.21039636
v -0.06705013 0.05313169 0.21087900
v -0.07707252 0.05556984 0.21208408
v -0.06273540 0.05701374 0.21252075
v -0.00050662 0.02258686 0.20930319
v 0.00202746 0.04161742 0.20851679
v 0.08631251 0.04663262 0.20748857
v 0.00737341 0.05724157 0.21401362
v -0.00175267 0.05641619 0.21450424
v 0.02798277 0.00187058 0.22662905
v -0.02893205 0.03690100 0.21900883
v 0.02652088 0.05778216 0.21429740
v -0.01083578 0.01609579 0.22489636
v -0.01626666 0.03147912 0.21999708
v 0.06211887 0.05741044 0.21428241
v 0.06709809 0.01573306 0.21639481
v 0.00788102 0.03121132 0.21595015
v -0.00483533 0.04119474 0.21554545
v 0.00261801 0.03640038 0.21415751
v -0.05111721 0.05744242 0.21443330
v 0.08083866 0.01484474 0.21939553
v 0.06218781 0.03761846 0.21356396
v -0.01317800 0.05742043 0.21365789
v 0.06829818 0.03962294 0.21489395
v 0.07680672 0.04055223 0.21610303
v 0.08606270 0.03855175 0.21599811
v 0.09115484 0.01945224 0.21657867
v -0.09002270 0.03586179 0.21702633
v 0.09221903 0.03104245 0.22412994
v -0.08611166 0.03947405 0.21705431
v 0.09321527 0.03916129 0.21617398
v 0.06783853 0.04316425 0.21433437
v 0.07039859 0.04634883 0.21423745
v -0.06431320 0.01838105 0.21669558
v 0.06969812 0.04983319 0.21387073
v 0.08613964 0.04655668 0.21421946
v 0.08265429 0.04972227 0.21377380
v -0.06311311 0.03646633 0.22038578
v -0.06169319 0.03709685 0.21371384
v 0.01663937 0.03202370 0.22077749
v 0.01046506 0.03994769 0.21311030
v -0.08765949 0.04316425 0.21433437
v 0.08621259 0.05692081 0.21462216
v -0.08540320 0.04681948 0.21446527
v 0.08903245 0.05051867 0.21449225
v -0.06978705 0.04914871 0.21404559
v -0.08747663 0.05376021 0.21812150
v 0.09682154 0.05389311 0.21700834
v -0.07207032 0.04590617 0.21440332
v -0.06793246 0.04259368 0.21520671
v 0.09193325 0.06527947 0.21954842
v -0.06746981 0.05414592 0.21605407
v 0.09195423 0.06760271 0.22803398
v -0.00044366 0.05321862 0.21378779
v 0.01100165 0.05304975 0.21203812
v -0.01416525 0.05223437 0.21144057
v -0.00038171 0.05646516 0.21815747
v 0.04963234 0.05670997 0.21709828
v -0.02405575 0.03637440 0.22379919
v 0.06164223 0.03280111 0.22860555
v 0.06252756 0.03684904 0.22105228
v -0.09005467 0.01949721 0.22389212
v 0.09193125 0.02919385 0.23084285
v -0.09218605 0.06898366 0.22813790
v 0.06885076 0.04207607 0.21830536
v 0.06649655 0.04342705 0.21759190
v -0.06971011 0.07851742 0.22136704
v 0.06727196 0.05212545 0.21770482
v -0.06233370 0.06321104 0.22781714
v -0.09221303 0.04212404 0.21960937
v -0.07359716 0.01518748 0.22161985
v 0.07987240 0.05329356 0.21762088
v 0.06201894 0.05306574 0.21995811
v 0.01150527 0.01530239 0.22736549
v 0.06275039 0.05633625 0.21967033
v -0.06145037 0.03915629 0.21769582
v 0.08948111 0.04442929 0.21816247
v -0.09523874 0.04424243 0.21780674
v 0.09676358 0.04120873 0.21706330
v -0.08849186 0.04551447 0.21798660
v 0.08966996 0.05318664 0.21757791
v -0.09461021 0.04983719 0.21944350
v 0.06200595 0.03934515 0.21726915
v -0.09310036 0.05401302 0.21794963
v 0.09692746 0.04824340 0.22003305
v 0.08881861 0.05479642 0.21920668
v 0.08978587 0.06045913 0.21586321
v 0.09258375 0.05474846 0.21885394
v -0.07665983 0.04461915 0.21922766
v -0.06767765 0.04211604 0.21812550
v -0.07723440 0.05207149 0.21803357
v -0.07029067 0.05272899 0.21708828
v -0.06753176 0.05157787 0.21782173
v -0.06779156 0.04653369 0.21763287
v 0.07876923 0.08097556 0.21726515
v -0.06145437 0.05427182 0.21892989
v -0.06311411 0.05713865 0.22120116
v 0.09019456 0.07642201 0.21833534
v 0.00412787 0.04082702 0.21546851
v 0.07083525 0.05311670 0.21748199
v -0.03011715 0.03990272 0.22316168
v -0.08176396 -0.01696113 0.25555210
v -0.07151274 -0.01604982 0.24220023
v 0.00690176 0.01632262 0.22537799
v -0.01959313 0.03306691 0.22743343
v 0.06298421 0.04392167 0.22041376
v -0.00889525 0.02958255 0.21931160
v 0.06260550 0.05009399 0.22108225
v 0.06714805 0.01928537 0.22679792
v 0.08531727 -0.00577162 0.24132889
v -0.00526900 0.05291285 0.22201555
v 0.08548514 0.01923840 0.22785212
v 0.09033546 0.03725873 0.22153391
v -0.08902145 0.07766607 0.21817746
v -0.08914636 0.04269960 0.22131708
v -0.06778557 0.01864485 0.22640022
v -0.06223778 0.03154307 0.22847165
v -0.06312311 0.04313727 0.22222039
v 0.08794127 0.04413251 0.22169579
v 0.08606670 0.04801757 0.22143998
v -0.09031747 0.04694638 0.22207750
v 0.02605023 0.00246113 0.22341448
v -0.08995874 0.05549489 0.22091038
v 0.08881961 0.05266204 0.22252116
v 0.01051003 0.02621011 0.22695080
v 0.08995275 0.05686186 0.22209149
v 0.02418865 0.00861047 0.23004445
v -0.09240189 0.05695578 0.22708470
v 0.02249593 0.03609761 0.22426784
v -0.06155629 0.04424343 0.22102330
v 0.06424226 0.07178353 0.22929103
v -0.06118657 0.04862710 0.22129010
v 0.06738587 0.07781396 0.22233430
v -0.06323602 0.05064657 0.22168979
v 0.07527389 0.07846147 0.22499628
v 0.08623657 0.07686668 0.22513418
v -0.08525231 0.04472407 0.22057564
v -0.08532726 0.05001505 0.22029985
v 0.06913055 0.04783071 0.22017294
v -0.06848604 0.04897584 0.21970130
v 0.07817668 0.04838329 0.21992613
v 0.09335117 0.04613000 0.22134905
v 0.08970693 0.05609943 0.22012098
v 0.02973244 0.05290386 0.22142999
v 0.03047787 0.04003862 0.22296483
v 0.02583040 0.04659764 0.22504025
v 0.03184983 0.04334311 0.22440174
v 0.07567758 0.01690118 0.22592658
v -0.02940469 0.04771080 0.22417291
v 0.09013561 0.02373699 0.22879240
v -0.04466011 0.00288281 0.24100814
v -0.02733126 0.00338143 0.25161409
v -0.08750161 0.07554068 0.22705572
v 0.09003868 -0.00813982 0.23923448
v -0.02527782 0.00528499 0.24554569
v -0.06452604 0.07260091 0.22574272
v -0.07829459 0.01678826 0.22689484
v 0.08151415 0.07664485 0.22809893
v -0.06349782 0.02452839 0.22805496
v -0.09281358 0.06140141 0.23098274
v -0.03415708 0.04326917 0.22411695
v 0.06197897 0.04647674 0.22122614
v 0.01414427 0.01214778 0.22676594
v -0.06276338 0.06296123 0.23224379
v 0.02192337 0.04034539 0.22825681
v 0.04771080 -0.01210382 0.23883279
v -0.01159320 0.01709303 0.23627273
v -0.00105820 0.01803432 0.23303918
v -0.00904714 0.02323437 0.23123455
v -0.00449059 0.02226611 0.23080887
v -0.06547232 -0.00087634 0.24284874
v -0.02488712 0.04137561 0.22682590
v -0.01722893 0.03808211 0.23098274
v 0.09195623 0.04822041 0.23073293
v 0.06149734 0.05580965 0.23364972
v 0.08945912 -0.01852794 0.23245163
v -0.07851443 0.07525390 0.23061402
v -0.07327640 0.07603631 0.22850262
v 0.01199490 -0.01183102 0.23005944
v 0.00659300 0.02257487 0.23106768
v 0.06931241 0.07328839 0.23191903
v 0.01732386 0.03153507 0.22776119
v -0.09259474 0.02842543 0.22921508
v 0.08857579 0.07102811 0.23176415
v 0.02110599 0.03626448 0.22842169
v -0.09234593 0.04339108 0.22987658
v -0.08620959 -0.01598487 0.24169461
v 0.00834767 0.02308648 0.23438616
v 0.00124905 0.04297639 0.22903122
v 0.02502601 0.00542388 0.25063383
v 0.01540231 0.03849879 0.23089281
v 0.01727389 0.03401519 0.23158728
v 0.06230972 0.03073968 0.23250259
v -0.06482581 0.06677633 0.23364073
v -0.00846258 0.01938030 0.23102171
v -0.01387747 0.02778692 0.23156730
v -0.04539755 -0.01126545 0.24202037
v -0.01939129 0.03478561 0.23057405
v 0.09204616 0.05240524 0.23673837
v -0.06807535 0.07213627 0.23153532
v 0.07454244 0.07129391 0.23531246
v 0.00673689 0.01922541 0.23156630
v -0.08741367 0.02580642 0.23565720
v -0.09009364 0.02889308 0.23579609
v -0.08545816 0.01905954 0.22841669
v 0.00633719 0.03000324 0.23605889
v -0.06417631 0.03542612 0.23771563
v -0.06264047 0.04866308 0.23730694
v 0.01183202 0.02765502 0.23390752
v -0.09261273 0.04904379 0.23704214
v 0.01220174 0.03111339 0.23438716
v 0.01936331 0.01108359 0.24875126
v 0.06856598 0.02390986 0.23380060
v -0.09066121 0.06092377 0.23788351
v -0.08907042 0.06926744 0.23347785
v 0.04532961 0.00221432 0.24058546
v 0.09031248 0.03352956 0.23708311
v 0.05820684 0.00017587 0.23947230
v -0.00380911 0.01530439 0.23457002
v 0.00050362 0.01431114 0.23411536
v -0.00293977 0.01909351 0.23485980
v -0.00870240 0.02350517 0.23545435
v 0.06385955 0.06005144 0.23766367
v 0.00066550 0.01910850 0.23496072
v -0.01200389 0.03040493 0.23495373
v -0.08490957 0.06782054 0.23731694
v -0.02430656 0.00910809 0.24102512
v 0.01018827 0.01894163 0.23633268
v -0.07677175 0.02539673 0.23755076
v -0.09199120 0.03709186 0.23695721
v -0.00186359 -0.01107060 0.24314651
v -0.06629870 0.02539173 0.23373266
v 0.06434818 0.03029401 0.23613583
v 0.02786086 0.00282785 0.25260933
v 0.07751818 0.02552164 0.23706713
v 0.08507745 0.03004021 0.23905762
v 0.01466188 0.01285425 0.24810375
v 0.06242863 0.04850919 0.23846307
v 0.06687326 0.06419929 0.23850304
v -0.07401684 0.06885576 0.23687127
v 0.08163806 0.06825921 0.23744084
v -0.06610185 0.06443011 0.23728896
v 0.08951608 0.06388453 0.23667542
v -0.01468386 0.01292919 0.24850645
v 0.08581189 0.06191003 0.24039260
v -0.00192154 0.01216177 0.23842709
v -0.00489728 0.01514851 0.24004187
v 0.08558706 -0.01878375 0.24498612
v -0.00299972 0.01912949 0.24135287
v 0.00377114 0.01844600 0.23841510
v -0.00678885 0.02305950 0.23884977
v -0.00509014 0.02646692 0.23785653
v 0.00491927 0.01505458 0.23798943
v 0.01098067 0.01744576 0.24798884
v 0.00654004 0.02266680 0.23809035
v 0.00197750 0.02342023 0.23945431
v -0.07690865 0.03466370 0.24287972
v 0.06707411 0.04132664 0.24280177
v 0.07097015 0.03306991 0.24120399
v -0.06848404 0.03353356 0.24065840
v 0.08502749 0.04118575 0.24355420
v -0.08817410 0.03930218 0.24246103
v -0.08143721 -0.00456254 0.24158869
v -0.08752959 0.05394107 0.24305458
v 0.06694321 0.05455960 0.24245704
v -0.07948069 0.06172816 0.24180453
v 0.07650795 0.06200395 0.24175956
v -0.06663744 0.04827637 0.24291069
v -0.06997890 0.06022430 0.24143381
v 0.08859378 0.04923664 0.24247103
v -0.00875636 0.02279670 0.24479226
v 0.00119210 0.01618572 0.24328341
v -0.00210041 0.02299255 0.24195342
v 0.00114213 0.01938229 0.24145879
v 0.00094029 0.02248594 0.24179654
v 0.09254278 -0.01165716 0.27758039
v 0.00149686 0.02444245 0.24553370
v 0.00709662 0.02345820 0.24679375
v -0.08625256 -0.00775212 0.27276104
v 0.02373999 0.00902116 0.25213070
v -0.07636606 0.04213103 0.24491217
v 0.07472530 0.04454820 0.24478527
v -0.07703055 0.05281093 0.24493116
v 0.07752318 0.05375921 0.24456244
v -0.08603172 -0.01570309 0.25868872
v 0.09053431 -0.00798694 0.26555651
v 0.00189156 0.02246396 0.24846348
v -0.00811584 0.02064733 0.24846148
v -0.05055464 0.00220533 0.26320929
v 0.08356659 -0.00497822 0.26130573
v -0.02426159 0.00926097 0.25085466
v 0.00818979 0.01389546 0.25155313
v -0.04093394 0.00319957 0.26516880
v 0.01548825 0.00979657 0.25268028
v -0.08113644 -0.00422779 0.26494397
v -0.02289163 0.00531497 0.25265630
v -0.01866784 0.00927696 0.25270126
v 0.04775577 0.00224330 0.26172142
v -0.01025322 0.01386048 0.25135129
v 0.02397381 0.00293377 0.25576394
v -0.07568158 -0.01653745 0.26203718
v -0.08737271 -0.01168613 0.27925412
v -0.02366504 0.00323654 0.25558607
v -0.04377279 -0.01077982 0.26195424
v 0.08953706 -0.01852494 0.26785576
v 0.00279188 0.00535594 0.25285814
v 0.01938829 0.00531497 0.25328682
v 0.08467176 -0.01855792 0.26143763
v 0.01769457 0.00246413 0.26409961
v 0.04734408 -0.01162818 0.26111588
v 0.09307538 -0.01521745 0.27983368
v 0.08322186 -0.00638715 0.27861560
v 0.04213903 -0.01287523 0.28128757
v 0.04787967 -0.00317759 0.28905068
v 0.07894210 -0.01924440 0.28220188
v 0.05018292 -0.01358369 0.28141747
v -0.08563303 -0.01809127 0.28743091
v -0.08730176 -0.01537833 0.29194049
v -0.07533484 -0.01790042 0.28317714
v 0.08909140 -0.02098008 0.28616587
v -0.04417148 -0.01235762 0.28321911
v -0.08274622 -0.01872179 0.28508869
v 0.09264471 -0.01924840 0.29199345
v 0.06150333 -0.00541889 0.29209138
v -0.04417948 0.00082737 0.28948635
v -0.08104451 -0.00630122 0.29039966
v 0.08480366 -0.00802091 0.29023678
v 0.08958003 -0.00887127 0.28689932
v -0.06212386 -0.00205544 0.28848511
v 0.09247483 -0.01646950 0.30293315
v 0.00217335 -0.01608180 0.29764416
v -0.08572496 -0.01017128 0.29550578
v -0.03837288 -0.00106819 0.29622124
v 0.00980556 -0.00157780 0.29019481
v -0.08263030 -0.02283767 0.30894958
v -0.04441030 -0.01746175 0.30855189
v 0.09204016 -0.02226910 0.30433509
v -0.08084966 -0.00855751 0.30289118
v 0.09069419 -0.01168214 0.29853349
v 0.04787767 -0.01969306 0.30853990
v 0.08880462 -0.02529980 0.30386944
v -0.06590999 -0.00893222 0.31505195
v 0.08577692 -0.01491868 0.31883508
v -0.08591381 -0.02043250 0.30674126
v 0.07647697 -0.02669674 0.31311442
v -0.04975025 -0.00487930 0.30690014
v 0.00197750 -0.00479436 0.30132137
v 0.02173151 -0.01042609 0.31656181
v -0.07647897 -0.02298756 0.31015267
v -0.08289211 -0.01182403 0.31432750
v -0.04171735 -0.01122049 0.32845578
v 0.08991777 -0.01542630 0.31341220
v 0.00259403 -0.01993188 0.31120088
v 0.09050133 -0.02699652 0.31498700
v -0.04266263 -0.01888067 0.31249290
v -0.08477668 -0.02250692 0.32151605
v -0.08548614 -0.01707305 0.31761301
v 0.09064422 -0.02213520 0.32373836
v -0.07665184 -0.01310706 0.32877954
v -0.08277020 -0.02592333 0.32293897
v -0.08323584 -0.01480177 0.32457773
v 0.08535524 -0.02960454 0.31831948
v -0.06133646 -0.02859730 0.32937609
v 0.08982584 -0.01888167 0.32345758
v -0.07745823 -0.02783688 0.32453776
v 0.04614998 -0.02500203 0.32093949
v 0.08857679 -0.02525084 0.32800113
v 0.07853341 -0.03271618 0.32908631
v 0.08288511 -0.03239042 0.33016049
v 0.08678915 -0.02995327 0.32632640
v -0.08223660 -0.01851395 0.33201808
v -0.08163806 -0.02771397 0.33412748
v 0.06483381 -0.03460574 0.33743397
v 0.04411853 -0.03207766 0.33665157
v -0.08117341 -0.02379894 0.33925759
v -0.00295176 -0.03011015 0.33592712
v -0.07904802 -0.03100547 0.33830431
v 0.07623116 -0.01658642 0.32889545
v -0.07870228 -0.01745376 0.33666556
v 0.07925387 -0.02119492 0.33963330
v 0.08570797 -0.01871180 0.32980276
v 0.00113614 -0.01734284 0.33790461
v -0.04342205 -0.03102246 0.33805750
v 0.07935179 -0.03474764 0.33753889
v 0.08234652 -0.03254730 0.34002700
v 0.04967931 -0.01446303 0.32812404
v 0.08569898 -0.02852236 0.33391164
v 0.08406022 -0.02251891 0.33704027
v -0.07356818 -0.01808328 0.34145692
v 0.08154813 -0.02523285 0.34336347
v 0.04609602 -0.02915987 0.37111642
v -0.07455443 -0.03615357 0.35305712
v -0.07863234 -0.03111939 0.34987453
v -0.07062541 -0.03523327 0.34600147
v 0.07408679 -0.03799017 0.34687081
v 0.07761911 -0.03618854 0.35095072
v -0.07864733 -0.02388987 0.34680586
v 0.07516197 -0.02454937 0.34918306
v -0.05018392 -0.04022148 0.35699013
v -0.04188822 -0.01782747 0.34528701
v -0.07512800 -0.02439249 0.35300516
v 0.00300272 -0.04229391 0.36474625
v 0.05759130 -0.04088298 0.35413430
v -0.02584339 -0.03861670 0.35489972
v -0.06911556 -0.02611918 0.36004282
v 0.07336334 -0.03952701 0.35705309
v 0.07834755 -0.02888009 0.35097270
v -0.07562762 -0.03022207 0.35867585
v -0.00975260 -0.02411171 0.36026265
v -0.07192942 -0.02719137 0.36004382
v -0.06623175 -0.04041533 0.36049847
v -0.07393190 -0.03593274 0.36165859
v 0.06930941 -0.04214802 0.36047449
v 0.07532085 -0.03422503 0.35772558
v 0.07203634 -0.03101747 0.36075128
v 0.06791047 -0.02789184 0.36007279
v -0.06996791 -0.03964592 0.36616817
v 0.06762569 -0.04088798 0.35460594
v 0.00212739 -0.04797860 0.37819704
v -0.04180528 -0.02727331 0.36903200
v -0.05482740 -0.02908993 0.36904499
v -0.06010340 -0.04516573 0.37194579
v 0.06774560 -0.04292143 0.37100150
v 0.06459299 -0.04570232 0.36913192
v 0.07008482 -0.03932516 0.36671076
v -0.06627971 -0.04203211 0.36790685
v 0.00329350 -0.02969247 0.37717582
v -0.07031165 -0.03382633 0.36715042
v 0.04483698 -0.05204251 0.38002366
v 0.06699117 -0.03684305 0.37052387
v 0.06349582 -0.03213462 0.36954461
v -0.06179212 -0.03603866 0.37608664
v -0.06453903 -0.04273058 0.37432898
v -0.04471407 -0.05040176 0.38152352
v -0.03931017 -0.04841826 0.37512537
v 0.05697477 -0.04919767 0.37501646
v 0.06388053 -0.04613599 0.37496350
v -0.06620577 -0.03924722 0.37354857
v -0.06045513 -0.04575628 0.37606566
v 0.05543993 -0.03772638 0.38104788
v -0.05569674 -0.04722017 0.38110584
v 0.06151932 -0.04540155 0.37954802
v 0.06097673 -0.03825298 0.37810511
v 0.05288387 -0.05150292 0.38140661
v 0.05683787 -0.04966132 0.38150253
v -0.05865350 -0.03936413 0.38063419
v 0.00356230 -0.03308190 0.38385475
v -0.05863451 -0.04263765 0.38155350
v -0.03988973 -0.03750155 0.38608206
v 0.02322038 -0.05449066 0.38866810
v 0.05610243 -0.04500385 0.38473608
v -0.04521469 -0.05055064 0.38626092
v 0.00066849 -0.04170536 0.39617840
v -0.04929060 -0.04629088 0.38656569
v 0.03849879 -0.05481341 0.38860315
v 0.04863510 -0.05351140 0.38606407
v 0.04988615 -0.04479801 0.38948048
v 0.05134005 -0.05037878 0.38856717
v -0.04242281 -0.04998308 0.38974528
v -0.03804813 -0.04270360 0.39170180
v -0.03682506 -0.04630686 0.39352641
v -0.03282609 -0.04092695 0.39129710
v -0.03460774 -0.05360633 0.38951645
v 0.04341506 -0.03844683 0.38545054
v -0.00112315 -0.05499028 0.39275100
v 0.04654169 -0.05363830 0.38980324
v -0.03398921 -0.04945647 0.39484741
v -0.03345262 -0.05307273 0.39287690
v 0.02540372 -0.05549789 0.39308675
v -0.02040052 -0.05480042 0.39312172
v 0.03915129 -0.05318664 0.39331357
v 0.04331214 -0.04845224 0.39345946
v -0.00739439 -0.05540596 0.39665604
v -0.02100706 -0.05306973 0.39669701
v 0.00765519 -0.05580366 0.39663505
v -0.01788243 -0.04528364 0.39706673
v 0.03850678 -0.04302136 0.39176175
v 0.02392784 -0.05378419 0.39664105
v 0.02566453 -0.04814347 0.39710570
v -0.00060854 -0.05389910 0.40054209
v 0.00026980 -0.04969529 0.40140144
v 0.00915006 -0.05289287 0.39993555
v 0.00282186 -0.04660864 0.40047214
f 5 1 3
f 17 1 5
f 9 1 2
f 1 17 16
f 16 2 1
f 9 2 4
f 7 16 6
f 2 16 7
f 1 9 3
f 8 9 4
f 7 4 2
f 3 10 5
f 11 16 17
f 5 10 18
f 25 4 7
f 17 5 13
f 9 21 12
f 13 5 18
f 16 11 6
f 21 9 8
f 8 15 21
f 7 6 14
f 15 8 25
f 3 12 10
f 9 12 3
f 8 4 25
f 25 19 15
f 20 11 24
f 18 10 23
f 25 7 42
f 11 20 22
f 11 22 6
f 10 12 23
f 6 22 14
f 26 24 17
f 17 24 11
f 42 7 14
f 23 12 27
f 17 13 26
f 12 21 27
f 26 13 18
f 21 30 27
f 29 20 28
f 15 30 21
f 22 34 36
f 30 15 19
f 22 20 34
f 31 18 23
f 14 22 36
f 20 24 28
f 36 42 14
f 26 18 31
f 19 25 32
f 41 20 29
f 61 25 42
f 34 20 41
f 32 25 61
f 24 35 28
f 37 31 23
f 26 35 24
f 31 35 26
f 33 19 32
f 32 40 33
f 40 32 38
f 27 37 23
f 37 27 39
f 27 30 39
f 39 30 33
f 19 33 30
f 34 41 43
f 29 28 46
f 46 52 29
f 34 44 36
f 43 44 34
f 28 35 46
f 41 29 52
f 54 44 45
f 36 44 54
f 37 57 31
f 54 62 36
f 35 31 46
f 61 47 32
f 39 33 48
f 46 31 57
f 32 47 38
f 62 42 36
f 33 40 49
f 38 50 40
f 40 50 49
f 54 51 53
f 45 51 54
f 43 41 52
f 55 57 37
f 47 50 38
f 33 49 48
f 48 49 56
f 56 49 65
f 50 58 49
f 65 49 58
f 51 44 43
f 45 44 51
f 66 53 51
f 43 52 59
f 54 53 60
f 60 62 54
f 39 63 37
f 48 63 39
f 56 63 48
f 66 71 53
f 60 53 71
f 67 43 59
f 51 43 67
f 50 47 64
f 66 51 67
f 58 50 64
f 65 58 64
f 62 73 42
f 63 56 68
f 64 47 97
f 56 70 68
f 65 70 56
f 37 63 69
f 52 46 82
f 72 60 80
f 62 60 72
f 46 57 82
f 82 57 79
f 55 37 78
f 66 67 74
f 71 66 74
f 60 71 75
f 80 60 75
f 63 68 83
f 67 59 74
f 70 65 88
f 65 64 76
f 88 65 76
f 76 64 95
f 72 73 62
f 78 37 69
f 61 97 47
f 57 55 79
f 83 69 63
f 74 59 81
f 83 70 84
f 68 70 83
f 70 88 84
f 59 52 87
f 87 81 59
f 52 82 87
f 42 73 77
f 75 71 85
f 71 74 86
f 85 71 86
f 72 77 73
f 77 61 42
f 78 79 55
f 97 95 64
f 95 89 76
f 86 74 81
f 90 75 85
f 90 91 75
f 80 75 91
f 69 83 78
f 82 79 87
f 83 88 92
f 84 88 83
f 88 76 92
f 95 97 96
f 76 89 93
f 80 91 104
f 78 83 94
f 92 76 101
f 72 80 104
f 101 76 93
f 90 85 98
f 83 92 105
f 92 101 105
f 77 72 99
f 81 87 109
f 61 77 103
f 79 78 100
f 94 100 78
f 93 89 95
f 97 61 103
f 86 81 109
f 102 87 79
f 109 87 114
f 94 83 105
f 100 94 121
f 96 106 95
f 101 93 107
f 93 95 106
f 98 108 90
f 86 109 98
f 96 97 103
f 85 86 98
f 110 90 108
f 91 90 110
f 105 121 94
f 101 111 105
f 106 96 119
f 101 107 111
f 107 93 118
f 118 93 106
f 72 104 99
f 102 114 87
f 110 120 91
f 104 91 120
f 96 103 119
f 113 109 114
f 115 121 105
f 103 77 116
f 116 112 103
f 117 118 106
f 116 77 99
f 79 100 133
f 119 103 112
f 102 79 133
f 115 111 122
f 105 111 115
f 111 107 122
f 100 121 130
f 117 106 127
f 126 116 99
f 104 126 99
f 108 98 123
f 98 109 123
f 120 110 124
f 130 133 100
f 121 115 130
f 122 118 125
f 107 118 122
f 118 117 125
f 114 102 136
f 106 119 128
f 127 106 128
f 123 109 141
f 109 113 141
f 129 108 123
f 110 108 129
f 124 110 129
f 125 117 131
f 117 127 140
f 104 120 132
f 134 119 112
f 126 104 132
f 128 119 134
f 128 140 127
f 133 136 102
f 113 114 136
f 115 122 137
f 137 135 115
f 120 124 138
f 139 120 138
f 132 120 139
f 122 125 137
f 117 140 131
f 112 116 126
f 134 112 147
f 123 141 129
f 136 133 143
f 135 130 115
f 133 130 143
f 141 113 142
f 113 136 142
f 112 126 144
f 147 112 144
f 156 128 134
f 140 128 145
f 156 145 128
f 132 144 126
f 143 146 136
f 142 136 146
f 130 135 149
f 149 143 130
f 144 132 148
f 140 145 131
f 142 146 150
f 143 149 152
f 135 137 154
f 154 160 135
f 139 138 153
f 137 125 154
f 125 131 155
f 134 147 151
f 145 156 164
f 129 141 157
f 124 129 158
f 157 158 129
f 157 141 159
f 141 142 159
f 152 146 143
f 149 135 160
f 138 124 162
f 154 125 155
f 139 153 163
f 132 139 163
f 160 152 149
f 148 161 144
f 161 165 144
f 155 131 166
f 147 144 165
f 151 147 165
f 163 167 132
f 148 132 167
f 156 134 164
f 145 166 131
f 146 152 150
f 148 167 161
f 142 150 159
f 162 124 158
f 134 151 164
f 166 145 168
f 164 169 145
f 168 145 169
f 158 157 170
f 157 159 170
f 162 153 138
f 151 165 172
f 164 151 173
f 150 152 171
f 170 159 174
f 174 150 175
f 159 150 174
f 173 151 172
f 152 160 177
f 160 154 180
f 154 155 176
f 155 166 176
f 165 161 172
f 171 152 177
f 150 171 175
f 169 164 173
f 173 172 178
f 177 160 180
f 180 154 181
f 176 181 154
f 172 161 179
f 179 178 172
f 158 170 182
f 179 161 167
f 184 183 175
f 175 171 177
f 153 162 201
f 185 153 201
f 163 153 185
f 167 163 190
f 178 186 173
f 174 175 183
f 166 168 188
f 169 188 168
f 176 166 189
f 175 177 184
f 187 173 186
f 169 173 187
f 166 188 189
f 188 169 187
f 163 185 190
f 158 182 191
f 183 199 174
f 181 176 193
f 194 193 176
f 162 158 191
f 176 189 194
f 182 170 196
f 191 182 198
f 174 196 170
f 177 180 192
f 191 201 162
f 192 180 181
f 178 179 197
f 197 186 178
f 184 177 195
f 200 197 179
f 200 167 190
f 196 198 182
f 196 174 199
f 179 167 200
f 177 192 195
f 189 188 204
f 187 204 188
f 185 201 202
f 202 190 185
f 200 208 197
f 192 181 203
f 197 208 205
f 195 192 210
f 196 199 207
f 184 195 206
f 217 205 208
f 186 197 214
f 183 184 222
f 198 196 232
f 210 192 203
f 207 232 196
f 206 195 210
f 203 181 211
f 193 211 181
f 222 199 183
f 193 194 212
f 205 217 215
f 216 217 208
f 215 213 205
f 256 200 190
f 722 214 197
f 218 220 229
f 217 216 219
f 199 222 207
f 228 217 219
f 228 219 221
f 221 235 228
f 215 217 228
f 214 223 186
f 229 215 228
f 218 228 235
f 256 190 209
f 204 187 223
f 187 186 223
f 229 228 218
f 222 184 206
f 208 200 256
f 205 213 224
f 215 230 213
f 230 215 229
f 226 229 220
f 213 230 224
f 224 230 225
f 230 229 226
f 225 230 226
f 197 205 722
f 219 216 233
f 191 198 293
f 234 218 231
f 237 218 234
f 220 218 237
f 218 235 231
f 190 202 209
f 237 236 220
f 240 238 259
f 224 239 205
f 226 220 236
f 256 227 208
f 189 204 241
f 236 242 243
f 237 242 236
f 237 234 242
f 244 260 246
f 245 259 247
f 273 246 260
f 259 238 247
f 248 247 238
f 273 260 261
f 273 261 274
f 260 244 250
f 250 262 260
f 722 205 239
f 248 238 249
f 253 262 250
f 249 238 251
f 261 260 262
f 259 245 252
f 259 252 240
f 262 255 261
f 255 274 261
f 240 252 254
f 255 262 253
f 240 254 257
f 234 231 266
f 240 263 238
f 251 238 263
f 263 258 251
f 263 240 257
f 231 235 266
f 267 288 268
f 318 246 271
f 269 244 318
f 246 318 244
f 245 270 272
f 265 288 267
f 267 264 265
f 270 247 291
f 273 271 246
f 225 278 224
f 271 273 289
f 247 270 245
f 225 226 280
f 248 291 247
f 250 269 275
f 269 250 244
f 249 251 276
f 277 250 275
f 252 245 272
f 272 279 252
f 211 193 287
f 252 279 254
f 212 287 193
f 304 250 277
f 216 208 227
f 253 250 304
f 307 254 279
f 257 254 307
f 274 255 281
f 284 255 253
f 253 304 282
f 251 258 283
f 283 276 251
f 257 285 263
f 284 253 282
f 263 285 258
f 255 284 281
f 234 266 286
f 242 234 286
f 288 265 268
f 232 293 198
f 191 293 294
f 239 224 296
f 291 290 270
f 264 267 297
f 289 273 292
f 301 299 236
f 224 278 296
f 273 274 292
f 201 191 294
f 270 290 295
f 226 236 299
f 272 270 295
f 295 298 272
f 277 275 300
f 303 277 300
f 277 303 304
f 248 249 302
f 302 276 354
f 249 276 302
f 305 292 274
f 274 281 305
f 306 272 298
f 279 272 306
f 212 194 312
f 189 312 194
f 307 314 257
f 281 284 308
f 257 314 285
f 309 286 266
f 221 219 319
f 221 320 235
f 318 344 269
f 311 286 309
f 267 268 310
f 297 267 310
f 285 313 258
f 285 314 369
f 313 285 369
f 258 313 283
f 242 286 311
f 311 323 242
f 268 265 315
f 315 310 268
f 264 315 265
f 236 243 316
f 316 301 236
f 243 242 317
f 316 243 317
f 323 321 242
f 317 321 348
f 242 321 317
f 348 321 326
f 326 323 322
f 232 207 324
f 348 326 325
f 299 280 226
f 300 275 327
f 290 291 328
f 210 203 331
f 291 329 328
f 329 291 248
f 305 281 330
f 329 248 302
f 281 308 330
f 354 276 333
f 309 266 334
f 334 335 309
f 337 310 336
f 336 310 338
f 338 335 336
f 340 309 335
f 360 279 306
f 311 309 340
f 332 311 340
f 307 279 360
f 342 311 332
f 319 219 233
f 269 344 345
f 275 269 345
f 266 235 320
f 345 327 275
f 333 276 392
f 310 337 297
f 323 311 342
f 392 276 283
f 313 392 283
f 359 304 303
f 271 289 367
f 343 304 359
f 365 307 360
f 304 343 282
f 314 307 365
f 343 362 282
f 284 282 362
f 308 284 362
f 337 315 297
f 338 310 315
f 297 315 264
f 338 315 346
f 316 317 347
f 317 348 347
f 347 348 325
f 323 326 321
f 293 232 499
f 349 290 380
f 290 349 295
f 290 328 380
f 202 201 351
f 209 202 406
f 334 266 350
f 336 334 350
f 337 336 350
f 350 346 337
f 335 334 336
f 340 335 381
f 223 214 339
f 353 332 340
f 342 332 353
f 342 353 356
f 364 318 363
f 354 333 355
f 363 318 390
f 352 357 298
f 344 318 364
f 323 342 375
f 306 298 358
f 318 271 390
f 367 390 271
f 227 366 216
f 233 216 366
f 361 333 392
f 221 319 368
f 292 367 289
f 320 221 368
f 343 359 391
f 397 292 372
f 305 372 292
f 308 362 393
f 300 327 373
f 315 337 346
f 396 314 365
f 303 300 374
f 369 314 396
f 313 369 399
f 301 316 346
f 347 346 316
f 338 346 347
f 322 323 375
f 326 370 325
f 322 370 326
f 322 371 370
f 378 376 305
f 299 301 394
f 375 377 322
f 305 330 379
f 378 305 379
f 371 322 377
f 222 324 207
f 330 308 404
f 401 371 377
f 351 201 294
f 377 433 401
f 350 266 382
f 211 331 203
f 335 338 410
f 380 328 413
f 353 340 381
f 312 189 385
f 356 353 383
f 431 356 383
f 328 329 449
f 449 413 328
f 449 329 412
f 222 206 341
f 302 412 329
f 241 385 189
f 386 431 432
f 356 431 386
f 342 356 386
f 302 354 384
f 384 354 355
f 355 333 414
f 344 364 345
f 375 342 386
f 358 298 357
f 360 306 358
f 414 333 387
f 359 303 374
f 388 387 333
f 367 395 390
f 333 361 389
f 389 388 333
f 320 382 266
f 343 393 362
f 367 292 397
f 393 343 391
f 425 365 360
f 404 308 393
f 425 396 365
f 394 346 350
f 301 346 394
f 300 373 427
f 392 313 399
f 347 325 398
f 398 370 426
f 325 370 398
f 370 371 426
f 400 426 371
f 400 371 401
f 379 330 403
f 225 280 436
f 377 375 402
f 492 431 405
f 351 406 202
f 383 405 431
f 381 335 409
f 407 381 409
f 409 335 410
f 353 441 383
f 458 377 402
f 204 223 241
f 424 432 492
f 411 433 377
f 377 415 411
f 386 432 378
f 415 377 458
f 386 378 379
f 227 256 624
f 431 492 432
f 417 327 345
f 349 408 295
f 298 295 408
f 421 327 419
f 379 402 386
f 408 352 298
f 411 430 433
f 206 210 586
f 372 305 376
f 373 327 421
f 375 386 402
f 429 373 421
f 427 373 429
f 384 355 414
f 489 300 427
f 374 300 489
f 374 418 359
f 424 376 378
f 357 352 411
f 411 415 357
f 432 424 378
f 416 357 415
f 358 357 416
f 461 358 416
f 387 423 414
f 423 387 388
f 338 347 410
f 426 400 428
f 400 430 428
f 401 430 400
f 433 430 401
f 399 369 485
f 369 396 482
f 485 369 482
f 299 394 434
f 278 225 436
f 435 379 403
f 330 404 438
f 437 402 439
f 405 480 492
f 480 405 440
f 458 402 437
f 440 383 441
f 405 383 440
f 382 442 350
f 256 209 444
f 394 350 442
f 507 390 445
f 390 395 445
f 381 407 441
f 353 381 441
f 380 413 451
f 430 443 428
f 430 411 443
f 413 449 451
f 443 411 352
f 363 390 507
f 448 447 446
f 417 345 460
f 448 420 518
f 417 464 327
f 412 302 450
f 402 379 435
f 419 327 464
f 302 384 450
f 468 419 464
f 384 414 452
f 453 518 420
f 414 454 452
f 439 402 435
f 395 367 471
f 446 456 493
f 367 397 471
f 397 372 582
f 586 210 476
f 415 458 416
f 456 528 493
f 474 419 468
f 461 416 458
f 446 495 448
f 495 446 493
f 359 418 457
f 391 359 457
f 448 495 420
f 459 391 457
f 376 424 480
f 528 462 493
f 424 492 480
f 493 462 495
f 463 391 459
f 393 391 463
f 467 394 442
f 469 453 420
f 422 469 420
f 494 421 419
f 422 420 495
f 487 483 484
f 465 483 487
f 414 423 454
f 466 487 486
f 465 487 466
f 454 423 455
f 473 455 423
f 495 470 422
f 470 495 462
f 429 421 488
f 470 469 422
f 410 347 472
f 423 388 473
f 347 398 472
f 489 427 547
f 547 427 429
f 426 472 398
f 419 474 494
f 361 475 389
f 361 392 478
f 496 494 474
f 474 477 496
f 358 479 360
f 425 360 479
f 421 494 488
f 494 496 488
f 482 396 481
f 488 496 490
f 496 477 491
f 392 399 549
f 399 485 549
f 490 496 491
f 500 490 491
f 498 490 500
f 324 499 232
f 501 490 498
f 502 497 428
f 512 551 504
f 294 293 604
f 330 438 503
f 403 330 503
f 506 552 504
f 480 440 505
f 439 552 506
f 437 439 506
f 407 508 441
f 506 461 437
f 512 514 551
f 349 380 510
f 510 509 349
f 509 408 349
f 380 451 510
f 428 443 502
f 502 352 559
f 443 352 502
f 345 364 520
f 520 363 507
f 364 363 520
f 517 435 403
f 515 446 447
f 516 513 447
f 513 515 447
f 448 516 447
f 516 448 518
f 449 412 519
f 465 524 626
f 483 465 626
f 524 466 525
f 465 466 524
f 450 384 521
f 522 504 552
f 521 384 452
f 439 435 517
f 517 522 439
f 471 397 582
f 452 454 523
f 522 552 439
f 454 455 523
f 474 468 527
f 456 446 515
f 534 474 527
f 458 437 461
f 477 474 534
f 526 528 456
f 372 376 582
f 376 480 505
f 515 529 456
f 536 477 534
f 529 530 456
f 404 393 531
f 626 537 483
f 532 530 529
f 484 483 537
f 533 530 532
f 530 526 456
f 393 463 531
f 541 525 466
f 535 462 528
f 486 541 466
f 394 467 434
f 487 484 546
f 486 546 542
f 487 546 486
f 409 410 511
f 541 486 542
f 410 472 511
f 429 488 545
f 469 532 453
f 547 429 548
f 548 429 545
f 469 533 532
f 538 533 469
f 470 538 469
f 535 540 470
f 462 535 470
f 538 470 540
f 426 428 539
f 389 543 388
f 473 388 543
f 428 497 539
f 455 473 544
f 389 475 543
f 488 490 545
f 501 545 490
f 478 392 549
f 550 477 536
f 491 477 550
f 550 500 491
f 425 481 396
f 497 502 553
f 499 604 293
f 503 603 403
f 551 554 555
f 551 555 504
f 505 440 556
f 504 555 506
f 440 441 556
f 594 506 555
f 442 382 558
f 561 407 409
f 566 445 395
f 561 409 565
f 565 409 514
f 512 562 565
f 514 512 565
f 594 557 461
f 461 506 594
f 517 403 603
f 603 567 517
f 520 460 345
f 408 559 352
f 417 576 464
f 513 563 515
f 563 513 560
f 569 572 623
f 516 560 513
f 562 512 569
f 564 560 516
f 577 525 630
f 524 525 577
f 468 464 576
f 320 368 580
f 527 468 576
f 518 564 516
f 558 320 580
f 382 320 558
f 395 471 566
f 569 512 504
f 572 504 522
f 569 504 572
f 521 452 570
f 586 341 206
f 453 571 518
f 452 523 570
f 523 455 573
f 585 534 527
f 517 572 522
f 567 572 517
f 526 575 528
f 418 374 574
f 515 563 529
f 536 534 585
f 529 578 532
f 578 529 563
f 579 526 530
f 589 484 537
f 535 528 575
f 581 579 530
f 630 525 590
f 532 578 453
f 533 581 530
f 546 484 589
f 538 581 533
f 409 511 514
f 514 511 583
f 473 543 587
f 455 544 573
f 374 489 574
f 473 587 544
f 583 551 514
f 543 475 588
f 525 550 590
f 588 587 543
f 541 500 525
f 475 361 478
f 550 525 500
f 554 551 583
f 590 550 536
f 511 472 584
f 426 584 472
f 500 541 591
f 591 593 500
f 481 425 592
f 553 539 497
f 498 500 593
f 595 498 596
f 602 597 652
f 598 498 595
f 501 498 598
f 599 278 601
f 597 700 652
f 296 278 599
f 436 601 278
f 606 554 605
f 555 554 606
f 555 606 594
f 636 556 608
f 594 606 662
f 331 476 210
f 557 594 662
f 663 557 662
f 613 442 558
f 653 442 613
f 613 619 653
f 559 611 502
f 609 441 508
f 556 441 609
f 507 445 566
f 563 560 614
f 407 561 615
f 615 508 407
f 615 562 616
f 510 451 621
f 222 568 617
f 561 565 615
f 341 568 222
f 619 613 672
f 621 449 519
f 451 449 621
f 519 412 618
f 412 450 618
f 565 562 615
f 520 507 610
f 620 652 619
f 444 624 256
f 571 564 518
f 567 603 600
f 453 622 571
f 570 523 573
f 227 624 683
f 366 227 683
f 233 366 683
f 687 233 683
f 576 634 527
f 625 628 526
f 319 233 687
f 629 557 663
f 461 557 629
f 575 526 628
f 614 625 654
f 563 614 654
f 654 625 579
f 562 569 616
f 655 563 654
f 578 563 655
f 654 581 655
f 581 654 579
f 625 526 579
f 575 684 535
f 585 527 634
f 567 623 572
f 735 623 567
f 582 376 636
f 535 632 540
f 623 616 569
f 632 535 684
f 629 358 461
f 376 505 636
f 239 296 599
f 602 652 620
f 505 556 636
f 578 622 453
f 655 622 578
f 537 626 627
f 633 622 655
f 581 633 655
f 538 633 581
f 630 590 641
f 540 632 538
f 459 457 631
f 463 459 631
f 531 691 404
f 591 542 645
f 541 542 591
f 607 404 691
f 438 404 607
f 588 475 638
f 546 589 648
f 475 478 638
f 542 546 648
f 648 645 542
f 467 442 653
f 549 746 478
f 467 653 635
f 434 467 635
f 479 358 640
f 650 641 590
f 479 642 425
f 637 635 653
f 592 425 642
f 641 650 651
f 651 644 641
f 590 536 650
f 619 637 653
f 644 651 593
f 637 619 639
f 593 591 644
f 548 545 598
f 619 652 639
f 549 485 647
f 639 652 700
f 481 649 482
f 485 482 649
f 649 647 485
f 498 593 651
f 596 498 651
f 545 501 598
f 583 511 584
f 584 426 643
f 426 539 643
f 554 583 605
f 646 643 539
f 553 646 539
f 553 502 611
f 656 595 651
f 651 595 657
f 657 595 708
f 708 595 596
f 597 602 658
f 600 595 656
f 714 597 658
f 595 659 598
f 598 659 708
f 708 659 657
f 600 603 660
f 659 600 660
f 595 600 659
f 606 605 723
f 603 503 660
f 662 606 723
f 503 438 607
f 608 693 636
f 612 444 209
f 609 608 556
f 666 558 665
f 509 510 727
f 613 558 666
f 664 509 727
f 408 509 664
f 559 408 664
f 667 613 666
f 672 613 667
f 508 615 669
f 615 616 669
f 460 520 740
f 560 668 614
f 669 616 671
f 610 740 520
f 564 668 560
f 670 668 564
f 524 681 626
f 672 620 619
f 577 681 524
f 626 681 627
f 681 577 630
f 674 567 600
f 682 634 576
f 686 566 471
f 580 665 558
f 471 582 688
f 675 670 564
f 571 675 564
f 622 675 571
f 573 676 570
f 671 623 735
f 616 623 671
f 676 573 677
f 735 567 674
f 634 705 585
f 668 678 625
f 614 668 625
f 673 602 620
f 585 705 536
f 602 673 658
f 678 680 625
f 628 625 680
f 629 663 679
f 575 628 680
f 537 627 755
f 589 537 755
f 457 418 685
f 630 641 697
f 631 457 685
f 641 644 697
f 684 575 680
f 648 589 755
f 645 648 699
f 697 591 645
f 644 591 697
f 463 631 689
f 701 645 699
f 701 548 702
f 690 675 622
f 633 690 622
f 531 463 689
f 704 548 701
f 547 548 704
f 632 690 633
f 538 632 633
f 489 547 704
f 635 694 434
f 638 692 588
f 587 588 692
f 696 695 635
f 677 573 544
f 635 695 694
f 692 677 544
f 587 692 544
f 696 635 637
f 548 598 702
f 657 707 651
f 651 707 596
f 596 707 708
f 707 702 598
f 708 707 598
f 536 705 650
f 637 698 696
f 656 650 705
f 651 650 656
f 637 639 698
f 481 592 748
f 698 639 700
f 649 481 748
f 583 584 703
f 584 643 703
f 605 583 703
f 646 553 706
f 611 706 553
f 705 760 656
f 434 711 299
f 706 611 761
f 280 299 711
f 658 712 709
f 714 658 709
f 716 700 597
f 760 657 656
f 700 716 715
f 716 597 714
f 661 722 239
f 600 657 713
f 762 600 713
f 710 762 713
f 656 657 600
f 718 763 717
f 659 660 713
f 657 659 713
f 717 763 720
f 324 222 617
f 720 763 721
f 608 764 693
f 725 662 723
f 287 212 732
f 212 312 732
f 726 706 725
f 608 609 719
f 764 608 719
f 566 742 507
f 765 662 725
f 621 809 510
f 706 761 725
f 667 666 724
f 729 809 621
f 725 761 765
f 662 765 663
f 609 508 728
f 669 728 508
f 519 729 621
f 719 609 778
f 724 776 667
f 610 507 742
f 730 667 776
f 672 667 730
f 745 417 460
f 731 672 730
f 620 672 731
f 576 417 745
f 673 620 731
f 693 764 710
f 733 559 664
f 682 576 745
f 611 559 733
f 761 611 733
f 745 747 682
f 710 764 762
f 742 566 686
f 519 618 779
f 688 686 471
f 450 521 736
f 521 570 736
f 749 688 582
f 634 682 747
f 734 762 764
f 570 676 738
f 582 636 749
f 677 738 676
f 636 693 752
f 762 734 674
f 674 600 762
f 239 599 661
f 679 761 733
f 765 761 679
f 735 674 734
f 627 681 754
f 755 627 754
f 663 765 679
f 630 756 754
f 681 630 754
f 670 678 668
f 731 785 673
f 756 630 747
f 747 757 756
f 658 673 785
f 697 766 747
f 785 737 658
f 747 630 697
f 678 670 684
f 712 658 737
f 767 747 766
f 739 763 718
f 763 739 721
f 768 684 670
f 684 680 678
f 756 699 758
f 418 574 808
f 755 758 648
f 699 648 758
f 685 418 808
f 704 756 757
f 699 756 704
f 697 701 766
f 631 685 743
f 645 701 697
f 358 629 741
f 767 766 701
f 741 640 358
f 701 699 704
f 670 675 768
f 675 690 768
f 689 631 743
f 489 704 759
f 692 738 677
f 744 738 692
f 531 689 691
f 634 747 767
f 684 768 632
f 690 632 768
f 744 638 746
f 634 760 705
f 692 638 744
f 767 760 634
f 638 478 746
f 767 701 702
f 695 696 694
f 760 767 702
f 702 707 760
f 792 696 794
f 746 549 823
f 707 657 760
f 693 710 752
f 696 698 794
f 642 479 640
f 698 700 715
f 592 642 748
f 703 643 750
f 647 823 549
f 750 643 751
f 646 751 643
f 605 703 753
f 753 723 605
f 751 646 798
f 706 798 646
f 706 726 798
f 752 710 713
f 711 434 770
f 601 436 773
f 771 709 769
f 714 709 771
f 436 280 773
f 716 714 772
f 660 503 607
f 718 717 833
f 774 714 771
f 720 721 775
f 774 772 714
f 719 780 764
f 723 726 725
f 799 726 723
f 727 510 809
f 728 778 609
f 728 669 818
f 669 671 781
f 781 818 669
f 835 800 777
f 782 777 800
f 729 519 779
f 800 712 783
f 783 782 800
f 764 780 734
f 822 740 610
f 788 460 740
f 734 780 735
f 570 738 784
f 784 736 570
f 671 735 780
f 781 671 780
f 687 683 789
f 733 786 679
f 745 790 747
f 629 679 786
f 712 737 783
f 738 744 784
f 787 737 785
f 739 737 787
f 718 737 739
f 784 744 746
f 737 718 833
f 721 739 787
f 787 775 721
f 754 758 755
f 790 754 801
f 801 754 756
f 758 754 795
f 795 754 790
f 757 747 790
f 801 757 790
f 758 795 756
f 756 795 801
f 434 694 791
f 791 770 434
f 801 795 704
f 704 757 801
f 694 696 791
f 696 792 791
f 759 704 795
f 647 649 828
f 823 647 828
f 759 796 489
f 574 489 796
f 800 835 793
f 800 793 709
f 709 793 769
f 709 712 800
f 750 832 703
f 753 703 832
f 723 753 797
f 799 723 797
f 726 799 798
f 803 832 802
f 805 832 750
f 752 749 636
f 753 832 803
f 804 832 805
f 797 753 803
f 750 798 805
f 751 798 750
f 798 797 805
f 799 797 798
f 790 759 795
f 771 821 833
f 769 821 771
f 806 716 772
f 715 716 806
f 771 833 807
f 834 833 717
f 774 771 807
f 720 834 717
f 713 660 607
f 775 834 720
f 607 691 873
f 664 727 810
f 666 665 812
f 811 664 810
f 724 666 812
f 813 835 814
f 732 312 816
f 385 816 312
f 814 777 815
f 835 777 814
f 778 817 719
f 719 817 781
f 780 719 781
f 733 664 786
f 778 728 817
f 817 818 781
f 618 450 847
f 847 779 618
f 450 736 847
f 730 776 819
f 777 782 815
f 610 742 822
f 820 730 819
f 731 730 820
f 815 782 821
f 783 821 782
f 824 460 788
f 745 460 824
f 790 745 824
f 786 741 629
f 785 731 820
f 820 856 785
f 833 821 783
f 783 737 833
f 741 854 640
f 807 785 856
f 787 785 807
f 807 833 787
f 787 833 834
f 787 834 775
f 686 688 862
f 688 749 837
f 825 640 854
f 689 743 826
f 640 825 642
f 748 642 825
f 649 748 859
f 859 828 649
f 827 835 813
f 835 827 793
f 793 827 829
f 792 794 830
f 794 698 836
f 831 793 829
f 769 793 831
f 821 769 831
f 698 715 806
f 806 836 698
f 804 794 832
f 832 794 802
f 802 794 836
f 830 794 804
f 838 866 804
f 804 866 802
f 802 866 803
f 803 866 806
f 806 866 836
f 836 866 838
f 839 838 803
f 803 838 805
f 805 838 804
f 599 601 841
f 759 790 824
f 803 806 839
f 805 797 803
f 841 601 773
f 796 808 574
f 280 711 843
f 773 280 843
f 806 772 840
f 752 713 749
f 713 607 749
f 840 772 774
f 774 807 870
f 612 209 844
f 873 691 826
f 809 842 727
f 727 842 810
f 812 665 928
f 812 846 724
f 813 814 848
f 842 809 872
f 850 724 846
f 776 724 850
f 848 814 851
f 809 729 872
f 814 815 851
f 786 664 811
f 818 852 728
f 728 852 817
f 872 779 845
f 817 853 818
f 729 779 872
f 818 853 852
f 819 776 850
f 779 847 845
f 855 851 815
f 820 819 852
f 822 742 884
f 820 852 853
f 847 736 849
f 740 822 858
f 788 740 858
f 815 821 855
f 736 784 849
f 687 860 319
f 368 319 860
f 580 368 888
f 807 856 870
f 928 580 888
f 665 580 928
f 742 686 884
f 808 857 685
f 884 686 862
f 743 685 857
f 902 743 857
f 784 746 883
f 826 743 902
f 688 837 862
f 691 689 826
f 823 883 746
f 861 827 813
f 791 792 863
f 827 861 829
f 825 859 748
f 863 792 864
f 792 830 864
f 865 851 855
f 861 851 865
f 861 865 829
f 855 831 865
f 821 831 855
f 831 829 865
f 836 830 802
f 802 830 804
f 838 839 867
f 836 838 867
f 839 806 867
f 661 599 869
f 871 840 868
f 774 868 840
f 759 824 796
f 870 868 774
f 808 796 897
f 209 406 844
f 808 897 857
f 749 607 873
f 211 287 876
f 876 331 211
f 287 732 876
f 874 845 847
f 241 223 882
f 849 874 847
f 852 879 817
f 817 879 853
f 850 909 819
f 877 819 909
f 885 822 884
f 789 915 687
f 819 877 879
f 822 885 858
f 852 819 879
f 786 875 741
f 860 687 915
f 860 888 368
f 820 853 879
f 879 881 820
f 875 854 741
f 856 820 881
f 854 875 878
f 870 856 881
f 825 854 878
f 902 857 900
f 784 883 849
f 862 837 889
f 880 886 828
f 813 848 861
f 883 823 886
f 828 886 823
f 863 770 791
f 825 880 859
f 848 851 861
f 880 828 859
f 830 836 887
f 887 864 830
f 887 836 867
f 867 840 871
f 806 840 867
f 870 914 868
f 910 914 870
f 869 599 893
f 868 914 871
f 889 837 891
f 711 770 896
f 842 892 810
f 599 841 893
f 841 773 933
f 824 788 895
f 842 872 892
f 843 933 773
f 796 824 895
f 895 897 796
f 890 892 872
f 810 894 811
f 894 810 892
f 897 899 857
f 857 899 900
f 837 901 891
f 898 872 845
f 890 872 898
f 901 837 749
f 873 901 749
f 816 385 908
f 898 845 874
f 826 902 903
f 882 223 339
f 786 811 894
f 901 873 903
f 894 875 786
f 241 908 385
f 826 903 873
f 789 683 913
f 915 789 913
f 928 904 812
f 846 812 904
f 846 907 850
f 846 904 907
f 907 909 850
f 878 880 825
f 895 788 858
f 917 885 884
f 917 884 889
f 905 874 849
f 884 862 889
f 879 877 881
f 909 910 877
f 881 877 910
f 881 910 870
f 905 883 886
f 849 883 905
f 770 911 896
f 863 911 770
f 863 864 911
f 912 911 864
f 887 912 864
f 871 887 867
f 912 887 871
f 911 930 906
f 930 911 912
f 912 916 930
f 885 918 858
f 918 885 917
f 895 858 918
f 910 916 912
f 910 912 914
f 914 912 871
f 896 924 711
f 892 919 894
f 917 889 921
f 921 889 891
f 722 661 869
f 892 920 919
f 892 890 920
f 897 895 899
f 890 898 922
f 891 901 921
f 921 901 940
f 898 874 922
f 923 894 919
f 926 900 899
f 875 894 923
f 940 903 926
f 902 900 926
f 926 903 902
f 875 923 878
f 925 878 923
f 903 940 901
f 880 878 925
f 880 927 886
f 925 927 880
f 904 928 935
f 929 904 935
f 904 929 906
f 922 905 927
f 906 907 904
f 907 906 930
f 905 922 874
f 907 930 916
f 916 909 907
f 927 905 886
f 916 910 909
f 929 924 906
f 906 924 911
f 911 924 896
f 917 936 918
f 918 936 937
f 936 917 921
f 919 920 938
f 920 890 938
f 711 931 932
f 918 937 895
f 931 711 924
f 938 890 922
f 893 841 933
f 843 711 932
f 899 895 937
f 923 919 938
f 932 933 843
f 937 939 899
f 937 936 939
f 923 938 925
f 939 940 926
f 941 683 624
f 925 922 927
f 913 683 941
f 938 922 925
f 899 939 926
f 915 913 860
f 888 860 934
f 935 888 934
f 935 931 929
f 888 935 928
f 924 929 931
f 940 939 921
f 921 939 936
f 942 913 941
f 943 942 941
f 860 913 942
f 943 860 942
f 860 943 934
f 934 943 932
f 934 932 935
f 931 935 932
f 944 943 941
f 869 944 941
f 893 944 869
f 943 944 932
f 933 932 944
f 944 893 933
f 499 945 604
f 294 604 945
f 351 946 406
f 499 324 947
f 947 948 499
f 945 499 948
f 476 331 957
f 586 949 341
f 339 214 981
f 568 341 949
f 957 961 476
f 946 844 406
f 331 876 957
f 876 732 950
f 816 950 732
f 294 946 351
f 816 908 955
f 908 241 951
f 882 951 241
f 294 945 953
f 946 294 953
f 947 324 954
f 324 617 954
f 214 722 969
f 568 949 952
f 950 816 955
f 948 947 956
f 444 958 624
f 945 948 960
f 956 960 948
f 947 954 956
f 476 961 586
f 612 844 959
f 444 612 959
f 961 949 586
f 722 869 969
f 617 568 970
f 951 962 908
f 955 908 962
f 957 876 963
f 876 950 963
f 954 617 964
f 964 617 970
f 951 882 972
f 957 963 965
f 568 952 970
f 961 957 965
f 950 955 967
f 844 946 966
f 966 968 844
f 962 967 955
f 959 844 968
f 969 869 941
f 953 966 946
f 981 214 969
f 981 975 339
f 882 339 972
f 950 967 974
f 945 960 971
f 953 945 971
f 971 960 973
f 960 956 973
f 963 950 974
f 972 339 975
f 959 958 444
f 941 624 978
f 953 971 977
f 966 953 977
f 958 978 624
f 956 954 979
f 958 959 976
f 980 952 949
f 977 982 966
f 968 976 959
f 941 978 969
f 973 956 983
f 956 979 983
f 965 963 984
f 974 984 963
f 968 966 982
f 965 986 961
f 964 970 985
f 949 961 980
f 986 980 961
f 967 962 987
f 951 988 962
f 987 962 988
f 954 964 990
f 951 972 989
f 989 988 951
f 979 954 990
f 989 972 994
f 980 970 952
f 986 965 1002
f 982 991 968
f 984 974 992
f 974 967 992
f 991 982 993
f 976 968 991
f 977 993 982
f 984 1002 965
f 972 975 994
f 997 970 980
f 971 973 995
f 977 971 996
f 983 995 973
f 993 977 996
f 969 978 1000
f 981 969 1000
f 983 979 990
f 992 967 998
f 987 998 967
f 995 983 1001
f 983 990 1001
f 976 1023 958
f 989 1007 988
f 964 985 1003
f 1000 978 999
f 996 971 995
f 987 988 1007
f 1001 1005 995
f 1002 984 1006
f 984 992 1006
f 996 995 1005
f 980 986 1029
f 1004 1029 986
f 996 1008 993
f 991 993 1008
f 992 998 1009
f 1006 992 1009
f 997 980 1029
f 964 1003 990
f 1001 990 1010
f 1010 990 1011
f 1008 1012 991
f 1012 1013 991
f 976 991 1013
f 976 1013 1023
f 1006 1022 1002
f 998 987 1014
f 1007 1014 987
f 990 1003 1011
f 1009 998 1015
f 998 1014 1015
f 1004 986 1002
f 975 981 1034
f 1009 1015 1016
f 1003 985 1017
f 970 997 1026
f 1016 1006 1009
f 1005 1001 1018
f 985 970 1017
f 1010 1018 1001
f 999 978 1019
f 1008 996 1020
f 981 1000 1034
f 989 994 1024
f 1007 989 1024
f 1005 1021 996
f 978 958 1023
f 1019 978 1023
f 1020 996 1021
f 1012 1008 1020
f 1005 1018 1025
f 1025 1021 1005
f 1000 999 1027
f 1013 1012 1028
f 994 975 1024
f 1014 1007 1031
f 1026 1017 970
f 975 1034 1030
f 1024 975 1030
f 1004 1002 1032
f 1029 1026 997
f 1007 1024 1031
f 1002 1022 1032
f 1011 1003 1033
f 1000 1027 1034
f 1015 1014 1035
f 1031 1035 1014
f 1022 1006 1036
f 1006 1016 1036
f 1036 1032 1022
f 999 1019 1027
f 1035 1031 1037
f 1010 1011 1033
f 1016 1015 1038
f 1015 1035 1038
f 1028 1012 1040
f 1020 1021 1039
f 1012 1020 1039
f 1039 1040 1012
f 1028 1023 1013
f 1025 1018 1041
f 1010 1041 1018
f 1036 1016 1042
f 1016 1038 1042
f 1021 1025 1041
f 1023 1028 1044
f 1031 1024 1045
f 1027 1019 1052
f 1040 1048 1028
f 1030 1034 1050
f 1019 1023 1049
f 1033 1003 1047
f 1043 1046 1026
f 1026 1029 1043
f 1010 1033 1051
f 1046 1017 1026
f 1049 1052 1019
f 1036 1165 1032
f 1043 1029 1302
f 1024 1030 1045
f 1041 1010 1051
f 1049 1023 1044
f 1050 1034 1272
f 1031 1045 1054
f 1037 1031 1054
f 1021 1041 1055
f 1039 1021 1055
f 1053 1027 1052
f 1057 1027 1053
f 1034 1027 1272
f 1053 1052 1056
f 1051 1149 1041
f 1056 1058 1060
f 1055 1041 1149
f 1060 1079 1056
f 1060 1062 1079
f 1080 1100 1099
f 1064 1080 1099
f 1065 1100 1080
f 1063 1079 1062
f 1067 1081 1088
f 1090 1088 1081
f 1082 1079 1063
f 1063 1059 1082
f 1104 1065 1085
f 1104 1085 1113
f 1074 1113 1085
f 1074 1085 1071
f 1056 1083 1053
f 1084 1056 1079
f 1083 1056 1084
f 1081 1067 1075
f 1081 1075 1078
f 1084 1079 1082
f 1082 1061 1084
f 1059 1061 1082
f 1056 1052 1058
f 1076 1090 1081
f 1053 1083 1057
f 1083 1068 1057
f 1068 1083 1084
f 1084 1069 1068
f 1084 1061 1070
f 1072 1084 1070
f 1069 1084 1072
f 1076 1081 1077
f 1077 1081 1078
f 1080 1064 1066
f 1085 1065 1080
f 1080 1066 1071
f 1080 1071 1085
f 1066 1073 1071
f 1090 1087 1088
f 1086 1118 1089
f 1118 1091 1089
f 1091 1118 1093
f 1029 1004 1302
f 1098 1064 1128
f 1064 1099 1128
f 1075 1067 1095
f 1095 1097 1075
f 1102 1100 1065
f 1065 1104 1102
f 1076 1092 1090
f 1103 1092 1076
f 1105 1076 1077
f 1076 1105 1103
f 1135 1064 1098
f 1066 1064 1135
f 1078 1107 1077
f 1135 1109 1066
f 1078 1075 1101
f 1110 1066 1109
f 1078 1101 1107
f 1140 1066 1110
f 1073 1066 1140
f 1077 1107 1105
f 1067 1117 1095
f 1062 1130 1063
f 1088 1117 1067
f 1111 1063 1130
f 1071 1073 1142
f 1086 1063 1111
f 1059 1063 1086
f 1104 1113 1106
f 1111 1118 1086
f 1115 1113 1074
f 1111 1132 1112
f 1118 1111 1112
f 1071 1142 1074
f 1142 1115 1074
f 1093 1112 1114
f 1118 1112 1093
f 1114 1146 1096
f 1093 1114 1096
f 1096 1094 1093
f 1116 1059 1086
f 1061 1059 1116
f 1089 1119 1086
f 1087 1090 1145
f 1119 1089 1120
f 1091 1120 1089
f 1145 1090 1185
f 1090 1092 1185
f 1068 1125 1057
f 1185 1092 1103
f 1095 1144 1122
f 1093 1121 1091
f 1123 1093 1094
f 1121 1093 1123
f 1097 1095 1122
f 1044 1028 1048
f 1096 1124 1094
f 1094 1124 1123
f 1124 1096 1126
f 1127 1075 1097
f 1178 1075 1127
f 1101 1075 1178
f 1128 1100 1155
f 1102 1155 1100
f 1004 1032 1165
f 1036 1042 1138
f 1042 1038 1138
f 1100 1128 1099
f 1130 1062 1129
f 1058 1052 1137
f 1102 1104 1161
f 1062 1060 1216
f 1161 1104 1106
f 1216 1129 1062
f 1131 1132 1111
f 1132 1134 1112
f 1088 1143 1117
f 1134 1114 1112
f 1087 1143 1088
f 1133 1146 1134
f 1114 1134 1146
f 1095 1117 1144
f 1146 1133 1136
f 1146 1136 1096
f 1136 1126 1096
f 1179 1101 1178
f 1139 1106 1113
f 1113 1115 1139
f 1107 1101 1179
f 1086 1119 1116
f 1141 1073 1140
f 1142 1073 1141
f 1185 1103 1148
f 1091 1121 1147
f 1150 1121 1123
f 1097 1122 1254
f 1147 1121 1150
f 1070 1061 1152
f 1072 1070 1152
f 1123 1124 1150
f 1097 1254 1127
f 1124 1151 1150
f 1151 1124 1126
f 1148 1103 1154
f 1103 1105 1154
f 1107 1157 1105
f 1105 1157 1154
f 1165 1302 1004
f 1111 1130 1162
f 1128 1153 1156
f 1098 1128 1156
f 1131 1111 1162
f 1098 1156 1158
f 1131 1159 1132
f 1165 1036 1171
f 1164 1168 1166
f 1036 1138 1171
f 1038 1035 1175
f 1175 1138 1038
f 1155 1102 1160
f 1102 1161 1160
f 1132 1159 1134
f 1052 1049 1137
f 1170 1133 1134
f 1161 1106 1163
f 1163 1106 1167
f 1136 1133 1170
f 1135 1098 1158
f 1175 1037 1183
f 1035 1037 1175
f 1158 1169 1135
f 1037 1054 1183
f 1174 1136 1173
f 1109 1135 1169
f 1126 1136 1174
f 1180 1058 1137
f 1060 1058 1180
f 1180 1181 1060
f 1109 1169 1110
f 1181 1216 1060
f 1172 1110 1169
f 1144 1117 1143
f 1178 1127 1176
f 1106 1139 1167
f 1046 1043 1332
f 1139 1115 1177
f 1172 1140 1110
f 1140 1172 1224
f 1087 1145 1225
f 1141 1140 1224
f 1157 1107 1179
f 1141 1182 1142
f 1115 1142 1177
f 1182 1184 1142
f 1177 1142 1184
f 1120 1091 1147
f 1228 1188 1187
f 1189 1228 1187
f 1186 1147 1191
f 1191 1150 1192
f 1147 1150 1191
f 1072 1197 1069
f 1122 1193 1254
f 1196 1194 1195
f 1194 1196 1198
f 1150 1199 1192
f 1150 1151 1199
f 1201 1126 1215
f 1151 1126 1201
f 1199 1151 1201
f 1200 1154 1202
f 1148 1154 1200
f 1153 1128 1241
f 1159 1131 1203
f 1047 1003 1108
f 1128 1155 1241
f 1003 1017 1108
f 1205 1166 1204
f 1164 1166 1205
f 1131 1162 1203
f 1017 1046 1108
f 1166 1206 1204
f 1168 1206 1166
f 1045 1030 1050
f 1160 1161 1163
f 1210 1209 1208
f 1212 1168 1228
f 1214 1169 1158
f 1206 1168 1212
f 1213 1134 1159
f 1170 1134 1213
f 1143 1087 1217
f 1144 1143 1221
f 1228 1189 1212
f 1223 1144 1221
f 1122 1144 1223
f 1167 1139 1219
f 1173 1136 1170
f 1139 1177 1220
f 1225 1217 1087
f 1226 1225 1145
f 1215 1174 1173
f 1226 1145 1262
f 1145 1185 1262
f 1126 1174 1215
f 1182 1141 1224
f 1218 1127 1254
f 1176 1127 1218
f 1178 1176 1222
f 1179 1178 1222
f 1205 1227 1164
f 1190 1116 1259
f 1061 1116 1190
f 1116 1119 1259
f 1168 1164 1227
f 1188 1168 1227
f 1119 1120 1259
f 1228 1168 1188
f 1120 1147 1186
f 1192 1199 1230
f 1051 1033 1047
f 1231 1189 1229
f 1215 1234 1201
f 1130 1129 1233
f 1201 1234 1232
f 1162 1130 1233
f 1201 1230 1199
f 1205 1204 1236
f 1203 1162 1233
f 1198 1196 1235
f 1235 1237 1198
f 1206 1236 1204
f 1238 1236 1206
f 1234 1215 1239
f 1203 1275 1159
f 1211 1207 1242
f 1240 1207 1243
f 1208 1209 1210
f 1207 1211 1244
f 1243 1207 1244
f 1241 1155 1245
f 1206 1212 1246
f 1246 1238 1206
f 1213 1159 1275
f 1155 1160 1245
f 1244 1242 1247
f 1211 1242 1244
f 1248 1170 1213
f 1173 1170 1248
f 1212 1249 1246
f 1189 1249 1212
f 1255 1143 1290
f 1221 1143 1255
f 1143 1217 1290
f 1250 1173 1248
f 1249 1251 1250
f 1251 1189 1231
f 1249 1189 1251
f 1250 1251 1173
f 1173 1251 1215
f 1215 1251 1253
f 1122 1223 1258
f 1239 1215 1253
f 1257 1252 1167
f 1167 1219 1257
f 1176 1218 1291
f 1222 1176 1291
f 1125 1068 1265
f 1069 1265 1068
f 1172 1169 1260
f 1185 1148 1262
f 1152 1061 1190
f 1072 1152 1266
f 1312 1224 1172
f 1256 1179 1222
f 1258 1267 1122
f 1157 1179 1295
f 1193 1122 1267
f 1154 1157 1295
f 1256 1295 1179
f 1182 1224 1263
f 1177 1184 1313
f 1220 1177 1313
f 1261 1227 1205
f 1188 1227 1261
f 1259 1120 1303
f 1186 1303 1120
f 1264 1188 1261
f 1187 1188 1264
f 1189 1187 1229
f 1196 1195 1235
f 1268 1194 1198
f 1314 1269 1229
f 1318 1202 1154
f 1231 1229 1269
f 1270 1231 1269
f 1057 1125 1272
f 1274 1275 1203
f 1230 1201 1232
f 1274 1203 1233
f 1237 1235 1273
f 1237 1277 1198
f 1261 1205 1236
f 1236 1238 1261
f 1320 1237 1273
f 1276 1237 1320
f 1271 1207 1240
f 1242 1207 1271
f 1240 1243 1278
f 1243 1244 1278
f 1237 1276 1277
f 1315 1238 1246
f 1282 1156 1280
f 1261 1238 1315
f 1153 1241 1280
f 1156 1153 1280
f 1279 1241 1245
f 1316 1315 1246
f 1314 1315 1316
f 1281 1242 1271
f 1158 1156 1282
f 1247 1242 1281
f 1247 1281 1283
f 1244 1247 1284
f 1160 1163 1331
f 1284 1247 1283
f 1163 1167 1288
f 1167 1252 1288
f 1249 1316 1246
f 1288 1252 1289
f 1258 1223 1296
f 1316 1269 1314
f 1286 1316 1249
f 1217 1225 1297
f 1269 1316 1286
f 1214 1158 1285
f 1285 1293 1214
f 1250 1248 1286
f 1249 1250 1286
f 1251 1286 1253
f 1226 1262 1339
f 1270 1286 1251
f 1251 1231 1270
f 1332 1043 1302
f 1289 1317 1298
f 1252 1317 1289
f 1299 1300 1252
f 1252 1300 1317
f 1267 1258 1309
f 1265 1069 1197
f 1317 1257 1304
f 1304 1298 1317
f 1305 1317 1300
f 1252 1305 1299
f 1299 1305 1306
f 1193 1267 1311
f 1287 1193 1311
f 1317 1305 1257
f 1222 1291 1292
f 1257 1305 1252
f 1254 1193 1287
f 1257 1219 1308
f 1154 1295 1294
f 1260 1312 1172
f 1224 1312 1263
f 1303 1301 1259
f 1220 1219 1139
f 1315 1264 1261
f 1303 1186 1307
f 1264 1314 1187
f 1315 1314 1264
f 1184 1182 1263
f 1187 1314 1229
f 1307 1186 1191
f 1194 1268 1310
f 1198 1277 1268
f 1230 1232 1319
f 1234 1319 1232
f 1273 1235 1354
f 1027 1057 1272
f 1129 1321 1233
f 1239 1319 1234
f 1039 1055 1322
f 1274 1233 1321
f 1040 1039 1322
f 1277 1368 1323
f 1240 1278 1324
f 1368 1277 1276
f 1278 1244 1325
f 1213 1275 1327
f 1368 1276 1320
f 1374 1369 1328
f 1328 1342 1374
f 1368 1371 1323
f 1369 1374 1375
f 1375 1283 1369
f 1293 1368 1320
f 1371 1368 1293
f 1385 1326 1320
f 1283 1375 1366
f 1366 1399 1283
f 1293 1320 1326
f 1369 1281 1328
f 1280 1241 1279
f 1271 1328 1281
f 1296 1337 1258
f 1226 1297 1225
f 1369 1283 1281
f 1244 1284 1325
f 1158 1282 1285
f 1341 1200 1342
f 1148 1200 1341
f 1245 1160 1329
f 1160 1331 1329
f 1309 1337 1344
f 1333 1213 1327
f 1309 1258 1337
f 1411 1370 1345
f 1333 1248 1213
f 1346 1345 1370
f 1286 1248 1333
f 1344 1347 1309
f 1288 1289 1335
f 1355 1309 1347
f 1334 1286 1333
f 1309 1355 1267
f 1286 1270 1269
f 1370 1351 1346
f 1334 1253 1286
f 1330 1323 1371
f 1346 1351 1349
f 1319 1253 1334
f 1253 1319 1239
f 1371 1285 1330
f 1267 1355 1311
f 1336 1376 1338
f 1293 1285 1371
f 1359 1370 1411
f 1338 1293 1326
f 1370 1359 1372
f 1294 1318 1154
f 1336 1340 1376
f 1372 1360 1373
f 1359 1360 1372
f 1377 1376 1340
f 1370 1372 1351
f 1340 1335 1378
f 1190 1259 1343
f 1351 1372 1447
f 1301 1343 1259
f 1340 1378 1377
f 1447 1373 1448
f 1372 1373 1447
f 1376 1377 1427
f 1200 1374 1342
f 1373 1360 1363
f 1307 1191 1348
f 1422 1293 1338
f 1214 1293 1422
f 1191 1192 1348
f 1363 1364 1373
f 1202 1374 1200
f 1375 1374 1202
f 1195 1194 1352
f 1352 1354 1195
f 1194 1310 1352
f 1364 1365 1373
f 1373 1365 1448
f 1235 1195 1354
f 1202 1365 1364
f 1375 1202 1364
f 1366 1375 1364
f 1310 1268 1437
f 1289 1379 1350
f 1335 1289 1350
f 1378 1335 1350
f 1353 1378 1350
f 1298 1379 1289
f 1268 1277 1437
f 1379 1299 1408
f 1408 1350 1379
f 1323 1437 1277
f 1365 1202 1367
f 1356 1408 1299
f 1318 1367 1202
f 1299 1379 1300
f 1348 1192 1230
f 1306 1356 1299
f 1377 1378 1361
f 1361 1427 1377
f 1361 1378 1353
f 1353 1357 1361
f 1304 1357 1298
f 1300 1298 1305
f 1379 1298 1300
f 1298 1362 1305
f 1357 1362 1298
f 1306 1362 1358
f 1305 1362 1306
f 1356 1306 1358
f 1357 1304 1361
f 1304 1257 1308
f 1184 1263 1497
f 1497 1313 1184
f 1380 1230 1319
f 1382 1328 1384
f 1273 1354 1381
f 1342 1328 1382
f 1273 1381 1383
f 1320 1273 1383
f 1385 1320 1383
f 1322 1386 1040
f 1384 1271 1387
f 1271 1240 1387
f 1048 1040 1386
f 1271 1384 1328
f 1389 1274 1321
f 1389 1392 1274
f 1275 1274 1392
f 1392 1394 1275
f 1108 1046 1332
f 1394 1396 1327
f 1275 1394 1327
f 1401 1290 1402
f 1255 1290 1401
f 1279 1245 1393
f 1402 1217 1297
f 1290 1217 1402
f 1329 1393 1245
f 1323 1330 1395
f 1223 1221 1405
f 1330 1285 1395
f 1399 1404 1283
f 1335 1398 1407
f 1344 1337 1409
f 1337 1296 1409
f 1297 1226 1461
f 1461 1226 1419
f 1403 1325 1284
f 1226 1339 1419
f 1283 1403 1284
f 1288 1335 1407
f 1262 1148 1421
f 1403 1283 1404
f 1397 1336 1412
f 1148 1341 1421
f 1412 1336 1415
f 1338 1415 1336
f 1396 1406 1327
f 1266 1197 1072
f 1333 1327 1406
f 1341 1342 1382
f 1415 1338 1416
f 1326 1417 1338
f 1333 1406 1334
f 1380 1334 1406
f 1319 1334 1380
f 1347 1344 1432
f 1416 1338 1417
f 1340 1336 1397
f 1287 1410 1254
f 1398 1340 1397
f 1410 1413 1254
f 1218 1254 1413
f 1414 1411 1345
f 1291 1218 1413
f 1345 1346 1435
f 1398 1335 1340
f 1292 1291 1418
f 1376 1427 1338
f 1435 1346 1436
f 1222 1292 1420
f 1349 1436 1346
f 1256 1222 1420
f 1438 1355 1347
f 1326 1422 1417
f 1311 1355 1438
f 1423 1422 1338
f 1438 1439 1311
f 1214 1422 1424
f 1349 1351 1441
f 1169 1214 1424
f 1287 1311 1439
f 1427 1423 1338
f 1303 1426 1301
f 1359 1425 1360
f 1443 1363 1442
f 1353 1350 1431
f 1431 1503 1353
f 1408 1356 1464
f 1426 1303 1307
f 1307 1428 1426
f 1433 1353 1503
f 1357 1353 1433
f 1430 1428 1307
f 1360 1425 1442
f 1363 1360 1442
f 1430 1348 1502
f 1427 1361 1429
f 1348 1430 1307
f 1363 1443 1364
f 1304 1429 1361
f 1304 1308 1429
f 1440 1362 1357
f 1443 1446 1364
f 1365 1446 1448
f 1358 1362 1440
f 1446 1366 1364
f 1351 1447 1441
f 1446 1365 1367
f 1366 1446 1367
f 1263 1312 1444
f 1444 1445 1263
f 1348 1230 1502
f 1502 1230 1380
f 1497 1263 1445
f 1450 1384 1387
f 1381 1449 1383
f 1321 1129 1452
f 1451 1383 1504
f 1385 1383 1451
f 1391 1390 1453
f 1453 1392 1389
f 1392 1453 1390
f 1501 1392 1390
f 1451 1388 1326
f 1326 1385 1451
f 1390 1391 1501
f 1387 1240 1454
f 1240 1324 1454
f 1324 1278 1455
f 1278 1325 1456
f 1279 1457 1280
f 1392 1501 1394
f 1428 1394 1501
f 1394 1428 1430
f 1282 1280 1457
f 1455 1278 1458
f 1458 1278 1456
f 1394 1430 1396
f 1406 1430 1502
f 1396 1430 1406
f 1459 1366 1500
f 1402 1297 1461
f 1399 1366 1459
f 1221 1255 1401
f 1400 1137 1049
f 1404 1399 1459
f 1296 1223 1405
f 1344 1409 1465
f 1325 1403 1456
f 1414 1466 1411
f 1329 1331 1460
f 1331 1163 1523
f 1163 1288 1523
f 1552 1456 1403
f 1180 1137 1400
f 1339 1262 1421
f 1403 1404 1552
f 1474 1411 1466
f 1359 1411 1474
f 1350 1408 1463
f 1474 1475 1359
f 1425 1359 1475
f 1216 1452 1129
f 1406 1502 1380
f 1397 1412 1467
f 1412 1415 1467
f 1416 1417 1469
f 1519 1404 1459
f 1552 1404 1519
f 1432 1344 1480
f 1415 1503 1467
f 1347 1432 1481
f 1467 1503 1470
f 1484 1483 1482
f 1433 1415 1416
f 1503 1415 1433
f 1345 1435 1486
f 1435 1434 1486
f 1433 1416 1473
f 1436 1488 1435
f 1256 1420 1462
f 1295 1256 1462
f 1326 1388 1422
f 1492 1347 1481
f 1438 1347 1492
f 1469 1423 1477
f 1417 1423 1469
f 1422 1423 1417
f 1301 1391 1468
f 1422 1388 1424
f 1439 1438 1492
f 1343 1301 1468
f 1436 1441 1493
f 1349 1441 1436
f 1169 1424 1478
f 1423 1427 1477
f 1426 1501 1391
f 1477 1427 1429
f 1391 1301 1426
f 1501 1426 1428
f 1486 1434 1495
f 1503 1431 1470
f 1434 1443 1495
f 1463 1431 1350
f 1443 1442 1495
f 1434 1435 1488
f 1488 1489 1434
f 1357 1433 1473
f 1443 1434 1489
f 1464 1356 1485
f 1472 1354 1352
f 1352 1471 1472
f 1356 1358 1487
f 1487 1485 1356
f 1443 1489 1498
f 1537 1354 1472
f 1495 1425 1475
f 1442 1425 1495
f 1446 1443 1498
f 1354 1537 1381
f 1490 1357 1473
f 1441 1447 1499
f 1352 1310 1476
f 1499 1493 1441
f 1440 1357 1490
f 1447 1448 1499
f 1448 1446 1498
f 1437 1479 1310
f 1366 1367 1500
f 1487 1440 1491
f 1358 1440 1487
f 1437 1323 1479
f 1478 1494 1169
f 1260 1169 1494
f 1479 1323 1395
f 1496 1260 1494
f 1312 1260 1496
f 1450 1382 1384
f 1444 1312 1496
f 1497 1594 1313
f 1449 1381 1537
f 1220 1313 1594
f 1505 1504 1550
f 1507 1450 1387
f 1551 1550 1504
f 1452 1509 1321
f 1449 1551 1504
f 1389 1321 1509
f 1468 1391 1453
f 1449 1504 1383
f 1324 1455 1510
f 1451 1504 1508
f 1454 1507 1387
f 1388 1451 1508
f 1508 1511 1388
f 1458 1456 1514
f 1458 1515 1455
f 1457 1279 1512
f 1515 1458 1514
f 1393 1512 1279
f 1459 1500 1516
f 1393 1329 1517
f 1282 1557 1285
f 1395 1285 1557
f 1557 1518 1395
f 1398 1397 1520
f 1520 1521 1398
f 1519 1459 1516
f 1522 1398 1521
f 1329 1460 1517
f 1296 1405 1524
f 1460 1331 1523
f 1409 1296 1465
f 1466 1414 1526
f 1181 1180 1400
f 1407 1525 1288
f 1514 1456 1552
f 1407 1398 1522
f 1419 1339 1530
f 1463 1408 1527
f 1527 1464 1575
f 1408 1464 1527
f 1514 1552 1550
f 1421 1530 1339
f 1397 1467 1528
f 1528 1520 1397
f 1528 1467 1529
f 1469 1531 1416
f 1302 1675 1332
f 1421 1341 1534
f 1467 1470 1532
f 1532 1529 1467
f 1341 1382 1535
f 1535 1534 1341
f 1265 1506 1125
f 1533 1531 1529
f 1531 1533 1473
f 1473 1416 1531
f 1465 1480 1344
f 1482 1483 1484
f 1414 1345 1538
f 1538 1526 1414
f 1550 1552 1519
f 1519 1505 1550
f 1538 1486 1540
f 1345 1486 1538
f 1540 1488 1436
f 1424 1388 1511
f 1540 1542 1488
f 1539 1477 1429
f 1413 1610 1291
f 1418 1291 1610
f 1470 1431 1463
f 1532 1470 1463
f 1493 1543 1436
f 1420 1292 1418
f 1532 1541 1533
f 1439 1410 1287
f 1473 1533 1541
f 1545 1540 1486
f 1486 1495 1545
f 1485 1575 1464
f 1294 1295 1462
f 1545 1495 1546
f 1489 1488 1542
f 1490 1473 1541
f 1429 1308 1583
f 1583 1539 1429
f 1498 1489 1542
f 1475 1546 1495
f 1455 1471 1513
f 1491 1440 1490
f 1548 1498 1542
f 1308 1219 1547
f 1547 1583 1308
f 1513 1352 1536
f 1487 1491 1544
f 1471 1352 1513
f 1499 1448 1548
f 1471 1455 1515
f 1448 1498 1548
f 1367 1318 1500
f 1471 1515 1472
f 1515 1537 1472
f 1497 1445 1591
f 1219 1220 1549
f 1549 1547 1219
f 1382 1450 1535
f 1476 1310 1479
f 1479 1395 1518
f 1551 1537 1595
f 1551 1449 1537
f 1591 1445 1444
f 1504 1505 1553
f 1508 1504 1553
f 1553 1554 1508
f 1453 1389 1509
f 1468 1453 1509
f 1507 1454 1555
f 1454 1324 1510
f 1510 1455 1603
f 1603 1455 1513
f 1508 1554 1511
f 1514 1595 1515
f 1553 1516 1592
f 1401 1402 1558
f 1556 1557 1282
f 1221 1401 1405
f 1519 1516 1553
f 1557 1579 1518
f 1465 1296 1524
f 1566 1465 1524
f 1461 1419 1567
f 1523 1288 1559
f 1525 1559 1288
f 1525 1407 1609
f 1526 1474 1466
f 1407 1522 1609
f 1519 1553 1505
f 1561 1528 1562
f 1520 1528 1561
f 1528 1529 1562
f 1534 1535 1572
f 1529 1531 1564
f 1564 1562 1529
f 1596 1531 1469
f 1521 1520 1561
f 1413 1410 1560
f 1480 1574 1432
f 1574 1578 1432
f 1432 1578 1481
f 1574 1465 1566
f 1480 1465 1574
f 1526 1538 1576
f 1418 1563 1420
f 1538 1540 1576
f 1462 1420 1563
f 1531 1596 1564
f 1318 1294 1565
f 1529 1532 1533
f 1481 1578 1580
f 1540 1436 1576
f 1511 1554 1569
f 1436 1543 1576
f 1190 1343 1570
f 1468 1570 1343
f 1571 1511 1569
f 1492 1481 1580
f 1477 1596 1469
f 1580 1619 1492
f 1424 1511 1571
f 1439 1492 1619
f 1619 1410 1439
f 1478 1424 1571
f 1568 1596 1477
f 1515 1595 1537
f 1474 1526 1585
f 1477 1539 1568
f 1476 1536 1352
f 1585 1586 1474
f 1532 1463 1573
f 1475 1474 1586
f 1573 1463 1527
f 1546 1590 1545
f 1540 1545 1542
f 1541 1532 1573
f 1476 1479 1579
f 1479 1518 1579
f 1577 1541 1573
f 1545 1590 1542
f 1581 1575 1485
f 1595 1514 1550
f 1485 1487 1581
f 1595 1550 1551
f 1589 1588 1542
f 1542 1588 1548
f 1487 1544 1581
f 1586 1546 1475
f 1568 1539 1582
f 1582 1541 1577
f 1490 1541 1582
f 1590 1546 1586
f 1542 1590 1589
f 1539 1583 1582
f 1587 1543 1493
f 1493 1499 1587
f 1584 1490 1582
f 1548 1587 1499
f 1588 1587 1548
f 1491 1490 1584
f 1544 1491 1584
f 1500 1318 1593
f 1516 1500 1592
f 1593 1318 1565
f 1535 1450 1507
f 1507 1572 1535
f 1549 1220 1594
f 1272 1125 1506
f 1149 1051 1598
f 1051 1047 1598
f 1554 1553 1607
f 1607 1640 1554
f 1509 1600 1468
f 1555 1454 1601
f 1454 1510 1601
f 1641 1579 1602
f 1597 1626 1572
f 1640 1569 1554
f 1457 1512 1605
f 1054 1045 1650
f 1045 1050 1606
f 1644 1512 1393
f 1512 1644 1605
f 1393 1517 1644
f 1402 1461 1653
f 1592 1607 1553
f 1517 1460 1608
f 1460 1523 1608
f 1611 1524 1405
f 1566 1524 1611
f 1461 1567 1653
f 1567 1419 1612
f 1181 1452 1216
f 1419 1530 1612
f 1602 1579 1557
f 1534 1613 1421
f 1635 1561 1562
f 1534 1572 1614
f 1506 1265 1618
f 1265 1197 1618
f 1562 1564 1635
f 1152 1190 1659
f 1571 1569 1604
f 1652 1462 1563
f 1566 1617 1574
f 1294 1462 1652
f 1197 1266 1623
f 1617 1566 1611
f 1637 1561 1635
f 1521 1561 1637
f 1633 1526 1576
f 1190 1570 1659
f 1570 1468 1600
f 1615 1521 1637
f 1617 1578 1574
f 1617 1619 1578
f 1637 1635 1564
f 1564 1596 1637
f 1568 1637 1596
f 1580 1578 1619
f 1634 1633 1576
f 1543 1634 1576
f 1621 1513 1536
f 1619 1624 1410
f 1536 1476 1625
f 1521 1615 1522
f 1585 1526 1633
f 1609 1522 1615
f 1615 1637 1616
f 1527 1638 1573
f 1579 1641 1476
f 1575 1638 1527
f 1636 1586 1585
f 1585 1633 1634
f 1634 1587 1585
f 1638 1575 1581
f 1587 1634 1543
f 1636 1585 1587
f 1582 1637 1568
f 1616 1637 1582
f 1616 1582 1620
f 1587 1588 1636
f 1589 1636 1588
f 1573 1638 1577
f 1572 1626 1614
f 1586 1636 1590
f 1638 1584 1577
f 1584 1581 1544
f 1638 1581 1584
f 1590 1636 1589
f 1628 1592 1630
f 1622 1582 1577
f 1620 1582 1622
f 1583 1639 1582
f 1582 1639 1584
f 1584 1639 1577
f 1577 1639 1622
f 1592 1500 1593
f 1630 1592 1593
f 1622 1639 1583
f 1496 1494 1627
f 1629 1496 1627
f 1507 1597 1572
f 1444 1496 1629
f 1631 1444 1629
f 1591 1444 1631
f 1591 1632 1497
f 1594 1497 1632
f 1614 1628 1630
f 1626 1628 1614
f 1197 1623 1618
f 1685 1640 1607
f 1630 1593 1565
f 1047 1108 1599
f 1658 1642 1643
f 1171 1744 1165
f 1171 1138 1672
f 1507 1555 1597
f 1640 1642 1569
f 1175 1672 1138
f 1510 1603 1665
f 1642 1658 1569
f 1665 1603 1666
f 1602 1643 1641
f 1643 1602 1658
f 1626 1597 1657
f 1626 1657 1628
f 1400 1049 1648
f 1569 1658 1604
f 1628 1645 1592
f 1183 1054 1650
f 1650 1045 1606
f 1558 1402 1701
f 1645 1628 1657
f 1402 1653 1701
f 1181 1400 1651
f 1405 1401 1679
f 1558 1679 1401
f 1602 1557 1556
f 1607 1592 1645
f 1646 1608 1523
f 1559 1646 1523
f 1612 1421 1655
f 1530 1421 1612
f 1613 1655 1421
f 1604 1658 1602
f 1560 1649 1413
f 1610 1413 1649
f 1410 1624 1656
f 1656 1560 1410
f 1610 1649 1418
f 1673 1418 1649
f 1563 1418 1673
f 1673 1674 1563
f 1565 1294 1652
f 1620 1615 1616
f 1622 1583 1547
f 1603 1513 1676
f 1676 1666 1603
f 1621 1676 1513
f 1631 1654 1591
f 1625 1476 1641
f 1632 1591 1654
f 1685 1687 1640
f 1662 1675 1302
f 1642 1640 1687
f 1509 1452 1663
f 1687 1661 1642
f 1643 1661 1641
f 1661 1643 1642
f 1048 1667 1044
f 1601 1510 1665
f 1555 1601 1694
f 1597 1555 1668
f 1668 1555 1694
f 1165 1662 1302
f 1689 1457 1605
f 1282 1457 1689
f 1597 1668 1657
f 1644 1517 1608
f 1657 1668 1645
f 1556 1282 1689
f 1668 1669 1645
f 1049 1044 1647
f 1050 1272 1714
f 1645 1669 1607
f 1669 1685 1607
f 1670 1525 1609
f 1602 1671 1604
f 1478 1604 1671
f 1571 1604 1478
f 1611 1405 1682
f 1609 1615 1670
f 1615 1620 1670
f 1653 1567 1612
f 1620 1622 1670
f 1622 1547 1670
f 1674 1696 1563
f 1565 1652 1660
f 1627 1494 1478
f 1652 1563 1696
f 1600 1509 1664
f 1629 1627 1677
f 1631 1629 1677
f 1617 1611 1682
f 1619 1617 1682
f 1682 1624 1619
f 1680 1594 1632
f 1549 1594 1680
f 1621 1536 1678
f 1678 1625 1681
f 1536 1625 1678
f 1534 1614 1613
f 1681 1625 1661
f 1641 1661 1625
f 1684 1678 1705
f 1055 1149 1683
f 1621 1678 1684
f 1598 1683 1149
f 1506 1618 1686
f 1623 1686 1618
f 1705 1678 1688
f 1624 1682 1656
f 1322 1055 1683
f 1681 1688 1678
f 1687 1681 1661
f 1688 1681 1687
f 1667 1048 1759
f 1613 1614 1565
f 1599 1108 1693
f 1614 1630 1565
f 1663 1691 1509
f 1689 1605 1729
f 1729 1605 1709
f 1664 1509 1691
f 1666 1691 1665
f 1108 1332 1693
f 1605 1644 1709
f 1601 1665 1692
f 1692 1694 1601
f 1694 1669 1668
f 1648 1049 1647
f 1606 1050 1714
f 1671 1602 1556
f 1558 1699 1700
f 1679 1558 1700
f 1699 1558 1701
f 1478 1671 1627
f 1649 1560 1711
f 1682 1405 1679
f 1670 1547 1695
f 1547 1549 1695
f 1612 1655 1728
f 1677 1697 1631
f 1690 1652 1696
f 1660 1652 1690
f 1654 1631 1697
f 1632 1654 1680
f 1664 1698 1600
f 1570 1600 1698
f 1676 1621 1684
f 1704 1703 1613
f 1706 1679 1726
f 1682 1679 1706
f 1598 1047 1599
f 1656 1682 1706
f 1659 1708 1152
f 1266 1152 1708
f 1685 1702 1687
f 1656 1706 1710
f 1702 1707 1687
f 1705 1688 1707
f 1560 1656 1710
f 1710 1711 1560
f 1687 1707 1688
f 1613 1565 1704
f 1704 1565 1660
f 1272 1506 1712
f 1731 1709 1644
f 1644 1608 1731
f 1272 1712 1714
f 1662 1165 1744
f 1717 1664 1691
f 1716 1664 1715
f 1715 1664 1717
f 1647 1044 1667
f 1665 1691 1718
f 1692 1665 1718
f 1731 1608 1732
f 1666 1717 1691
f 1608 1646 1732
f 1717 1666 1720
f 1732 1646 1713
f 1646 1559 1713
f 1692 1721 1694
f 1694 1721 1669
f 1671 1556 1689
f 1721 1692 1718
f 1651 1400 1648
f 1651 1723 1181
f 1452 1181 1723
f 1627 1671 1719
f 1748 1669 1721
f 1525 1670 1695
f 1695 1559 1525
f 1669 1748 1685
f 1701 1725 1699
f 1748 1702 1685
f 1726 1679 1700
f 1695 1549 1739
f 1653 1725 1701
f 1711 1722 1649
f 1673 1649 1722
f 1653 1612 1725
f 1728 1725 1612
f 1654 1697 1737
f 1736 1674 1673
f 1736 1738 1696
f 1736 1696 1674
f 1690 1696 1738
f 1737 1680 1654
f 1655 1613 1703
f 1703 1728 1655
f 1680 1739 1549
f 1720 1716 1749
f 1664 1716 1720
f 1698 1664 1720
f 1659 1570 1733
f 1570 1698 1724
f 1666 1698 1720
f 1676 1698 1666
f 1698 1676 1684
f 1724 1698 1684
f 1748 1752 1702
f 1752 1751 1702
f 1725 1728 1756
f 1702 1751 1705
f 1707 1702 1705
f 1686 1730 1506
f 1708 1659 1733
f 1728 1703 1756
f 1386 1759 1048
f 1755 1729 1709
f 1755 1709 1731
f 1711 1710 1722
f 1693 1332 1727
f 1704 1660 1738
f 1689 1734 1671
f 1171 1672 1744
f 1734 1689 1729
f 1690 1738 1660
f 1332 1675 1727
f 1663 1452 1740
f 1671 1734 1719
f 1743 1742 1715
f 1716 1715 1742
f 1735 1627 1719
f 1715 1717 1745
f 1745 1743 1715
f 1717 1720 1746
f 1745 1717 1746
f 1718 1663 1747
f 1691 1663 1718
f 1559 1695 1713
f 1748 1718 1747
f 1748 1721 1718
f 1627 1735 1677
f 1735 1697 1677
f 1736 1673 1722
f 1737 1741 1680
f 1680 1741 1739
f 1749 1716 1742
f 1720 1749 1746
f 1733 1570 1750
f 1570 1724 1750
f 1684 1751 1724
f 1684 1705 1751
f 1754 1729 1755
f 1753 1725 1756
f 1623 1266 1708
f 1732 1755 1731
f 1706 1726 1758
f 1712 1506 1730
f 1758 1760 1706
f 1710 1706 1760
f 1757 1732 1713
f 1760 1722 1710
f 1734 1729 1754
f 1662 1744 1804
f 1722 1760 1762
f 1754 1761 1734
f 1764 1756 1703
f 1764 1703 1704
f 1761 1719 1734
f 1735 1719 1761
f 1763 1735 1761
f 1735 1763 1697
f 1762 1765 1736
f 1722 1762 1736
f 1737 1763 1741
f 1697 1763 1737
f 1738 1736 1765
f 1766 1757 1713
f 1764 1738 1765
f 1738 1764 1704
f 1695 1766 1713
f 1699 1758 1700
f 1758 1725 1753
f 1699 1725 1758
f 1700 1758 1726
f 1766 1739 1741
f 1767 1663 1740
f 1768 1742 1743
f 1739 1766 1695
f 1746 1770 1745
f 1747 1663 1767
f 1770 1752 1769
f 1769 1745 1770
f 1748 1747 1769
f 1752 1748 1769
f 1749 1742 1768
f 1746 1768 1770
f 1749 1768 1746
f 1752 1770 1771
f 1752 1774 1751
f 1724 1751 1774
f 1175 1183 1772
f 1650 1772 1183
f 1768 1771 1770
f 1752 1771 1773
f 1774 1752 1773
f 1386 1322 1775
f 1758 1753 1777
f 1750 1724 1774
f 1686 1623 1776
f 1623 1708 1776
f 1675 1662 1727
f 1778 1754 1755
f 1777 1753 1756
f 1757 1755 1732
f 1757 1778 1755
f 1760 1777 1779
f 1758 1777 1760
f 1760 1779 1762
f 1778 1761 1754
f 1761 1778 1780
f 1777 1756 1764
f 1778 1757 1780
f 1777 1764 1779
f 1761 1780 1763
f 1763 1780 1741
f 1723 1740 1452
f 1762 1779 1765
f 1779 1764 1765
f 1780 1757 1766
f 1780 1766 1741
f 1743 1745 1768
f 1769 1768 1745
f 1771 1768 1769
f 1769 1747 1767
f 1767 1773 1769
f 1771 1769 1773
f 1598 1781 1683
f 1772 1650 1782
f 1650 1606 1782
f 1783 1774 1773
f 1322 1683 1781
f 1727 1662 1806
f 1767 1740 1784
f 1784 1783 1773
f 1773 1767 1784
f 1712 1794 1714
f 1804 1806 1662
f 1648 1647 1789
f 1606 1714 1786
f 1723 1651 1787
f 1740 1723 1787
f 1785 1789 1647
f 1708 1733 1790
f 1790 1776 1708
f 1759 1386 1791
f 1759 1791 1667
f 1792 1651 1648
f 1740 1795 1784
f 1792 1787 1651
f 1599 1693 1797
f 1712 1730 1794
f 1795 1788 1783
f 1783 1784 1795
f 1740 1787 1793
f 1795 1740 1793
f 1750 1790 1733
f 1788 1790 1750
f 1774 1788 1750
f 1693 1727 1800
f 1774 1783 1788
f 1647 1667 1785
f 1803 1802 1796
f 1598 1599 1797
f 1790 1793 1802
f 1793 1790 1788
f 1786 1714 1794
f 1802 1803 1790
f 1781 1798 1322
f 1775 1322 1798
f 1686 1803 1796
f 1730 1686 1796
f 1792 1648 1799
f 1790 1803 1776
f 1776 1803 1686
f 1792 1793 1787
f 1797 1693 1800
f 1802 1792 1799
f 1799 1796 1802
f 1792 1802 1793
f 1795 1793 1788
f 1744 1672 1801
f 1175 1801 1672
f 1744 1801 1804
f 1805 1730 1796
f 1799 1648 1789
f 1791 1386 1775
f 1800 1727 1806
f 1782 1606 1786
f 1785 1667 1791
f 1801 1175 1807
f 1805 1796 1789
f 1175 1772 1807
f 1805 1794 1730
f 1796 1799 1789
f 1786 1794 1808
f 1800 1806 1809
f 1797 1800 1817
f 1805 1789 1821
f 1809 1806 1812
f 1814 1781 1813
f 1781 1598 1813
f 1598 1797 1815
f 1798 1781 1814
f 1806 1804 1811
f 1789 1785 1821
f 1812 1806 1811
f 1785 1791 1825
f 1820 1808 1794
f 1782 1786 1808
f 1813 1598 1818
f 1830 1810 1794
f 1815 1818 1598
f 1820 1794 1810
f 1817 1800 1809
f 1804 1816 1811
f 1804 1801 1816
f 1805 1830 1794
f 1816 1801 1819
f 1801 1807 1819
f 1817 1815 1797
f 1791 1775 1822
f 1821 1785 1825
f 1782 1824 1772
f 1782 1808 1824
f 1821 1830 1805
f 1791 1822 1825
f 1824 1808 1823
f 1820 1823 1808
f 1807 1826 1819
f 1775 1798 1828
f 1822 1775 1828
f 1807 1772 1835
f 1826 1807 1835
f 1824 1835 1772
f 1836 1812 1811
f 1814 1828 1798
f 1817 1809 1827
f 1829 1830 1821
f 1813 1818 1831
f 1814 1813 1840
f 1815 1831 1818
f 1821 1825 1842
f 1815 1817 1832
f 1832 1845 1815
f 1811 1816 1841
f 1837 1816 1833
f 1832 1817 1827
f 1816 1819 1833
f 1822 1828 1834
f 1810 1830 1843
f 1823 1835 1824
f 1809 1812 1836
f 1841 1816 1837
f 1825 1822 1834
f 1823 1820 1839
f 1838 1825 1834
f 1830 1829 1843
f 1813 1831 1840
f 1831 1815 1845
f 1836 1811 1841
f 1827 1809 1836
f 1829 1821 1842
f 1833 1819 1826
f 1825 1838 1842
f 1835 1823 1839
f 1843 1882 1810
f 1832 1827 1849
f 1836 1849 1827
f 1834 1828 1846
f 1829 1847 1843
f 1826 1835 1848
f 1844 1882 1843
f 1840 1853 1814
f 1849 1851 1832
f 1828 1814 1853
f 1846 1828 1853
f 1837 1833 1850
f 1848 1835 1839
f 1852 1853 1840
f 1850 1833 1854
f 1833 1826 1854
f 1855 1834 1846
f 1838 1834 1855
f 1820 1810 1882
f 1852 1831 1856
f 1840 1831 1852
f 1856 1845 1861
f 1831 1845 1856
f 1859 1861 1845
f 1841 1837 1858
f 1859 1845 1832
f 1837 1850 1858
f 1846 1853 1857
f 1854 1826 1860
f 1848 1860 1826
f 1829 1842 1847
f 1851 1859 1832
f 1849 1836 1862
f 1857 1855 1846
f 1854 1863 1850
f 1820 1874 1839
f 1869 1841 1864
f 1841 1858 1864
f 1864 1858 1865
f 1836 1841 1862
f 1866 1865 1858
f 1858 1850 1866
f 1850 1863 1866
f 1860 1848 1839
f 1882 1874 1820
f 1842 1838 1855
f 1852 1867 1853
f 1857 1853 1867
f 1872 1849 1862
f 1862 1841 1869
f 1872 1851 1849
f 1874 1877 1839
f 1847 1842 1855
f 1844 1843 1878
f 1854 1860 1877
f 1860 1839 1877
f 1847 1878 1843
f 1871 1856 1868
f 1852 1856 1871
f 1867 1852 1871
f 1872 1862 1870
f 1856 1861 1873
f 1868 1856 1873
f 1875 1857 1867
f 1855 1857 1875
f 1877 1874 1876
f 1865 1866 1883
f 1863 1883 1866
f 1863 1854 1884
f 1884 1854 1877
f 1879 1859 1851
f 1878 1882 1844
f 1869 1864 1880
f 1864 1865 1881
f 1880 1864 1881
f 1881 1865 1883
f 1862 1869 1870
f 1861 1859 1890
f 1869 1880 1891
f 1871 1875 1867
f 1855 1875 1885
f 1855 1896 1847
f 1884 1877 1876
f 1883 1863 1886
f 1863 1884 1886
f 1851 1872 1879
f 1882 1887 1874
f 1873 1861 1888
f 1868 1873 1889
f 1890 1888 1861
f 1878 1847 1896
f 1871 1868 1889
f 1884 1876 1886
f 1876 1874 1894
f 1896 1855 1885
f 1891 1880 1892
f 1881 1892 1880
f 1881 1883 1903
f 1882 1878 1905
f 1871 1893 1875
f 1875 1893 1885
f 1883 1886 1903
f 1876 1894 1886
f 1859 1879 1895
f 1873 1888 1889
f 1872 1870 1898
f 1899 1891 1914
f 1869 1891 1899
f 1871 1889 1893
f 1879 1872 1900
f 1885 1893 1897
f 1870 1869 1899
f 1900 1895 1879
f 1890 1859 1895
f 1898 1870 1899
f 1900 1872 1898
f 1897 1901 1885
f 1878 1896 1905
f 1892 1902 1891
f 1892 1881 1910
f 1881 1903 1910
f 1886 1894 1903
f 1907 1890 1895
f 1893 1889 1904
f 1897 1893 1904
f 1901 1897 1906
f 1914 1891 1902
f 1887 1912 1874
f 1912 1894 1874
f 1888 1890 1907
f 1889 1888 1908
f 1908 1904 1889
f 1882 1905 1887
f 1896 1885 1916
f 1902 1909 1914
f 1902 1892 1910
f 1897 1904 1906
f 1903 1911 1910
f 1916 1885 1901
f 1911 1894 1912
f 1894 1911 1903
f 1895 1900 1931
f 1908 1888 1913
f 1888 1907 1913
f 1905 1896 1916
f 1905 1923 1887
f 1898 1915 1900
f 1931 1900 1915
f 1898 1899 1925
f 1925 1899 1932
f 1899 1914 1932
f 1920 1932 1914
f 1920 1909 1919
f 1914 1909 1920
f 1909 1902 1921
f 1921 1919 1909
f 1913 1907 1922
f 1921 1910 1926
f 1902 1910 1921
f 1910 1911 1926
f 1908 1924 1904
f 1904 1924 1906
f 1906 1924 1901
f 1916 1901 1917
f 1915 1898 1925
f 1905 1916 1923
f 1911 1927 1926
f 1908 1913 1924
f 1912 1927 1911
f 1907 1918 1922
f 1901 1924 1928
f 1922 1918 1929
f 1907 1895 1918
f 1930 1918 1895
f 1931 1930 1895
f 1919 1921 1926
f 1912 1887 1927
f 1919 1933 1920
f 1934 1922 1929
f 1913 1922 1934
f 1924 1913 1934
f 1934 1928 1924
f 1917 1901 1928
f 1929 1918 1935
f 1945 1916 1917
f 1927 1887 1936
f 1919 1926 1939
f 1932 1920 1933
f 1939 1927 1936
f 1927 1939 1926
f 1935 1944 1929
f 1935 1918 1937
f 1944 1935 1937
f 1945 1917 1928
f 1937 1918 1930
f 1923 1943 1887
f 1925 1946 1915
f 1960 1936 1887
f 1961 1931 1915
f 1925 1932 1940
f 1923 1916 1943
f 1939 1938 1919
f 1940 1932 1941
f 1941 1932 1938
f 1933 1938 1932
f 1929 1942 1934
f 1944 1942 1929
f 1933 1919 1938
f 1934 1942 1928
f 1945 1928 1942
f 1887 1943 1960
f 1940 1952 1925
f 1943 1916 1945
f 1938 1947 1941
f 1947 1939 1936
f 1939 1947 1938
f 1915 1946 1961
f 1937 1930 1948
f 1937 1948 1950
f 1937 1950 1944
f 1948 1931 1959
f 1930 1931 1948
f 1961 1959 1931
f 1946 1925 1951
f 1951 1925 1952
f 1947 1936 1953
f 1952 1940 1954
f 1940 1941 1954
f 1943 1945 1949
f 1941 1947 1954
f 1954 1947 1953
f 1942 1956 1945
f 1944 1956 1942
f 1955 1950 1948
f 1957 1950 1955
f 1958 1945 1956
f 1950 1957 1956
f 1956 1944 1950
f 1959 1955 1948
f 1949 1945 1958
f 1951 1952 1962
f 1962 1952 1954
f 1936 1960 1973
f 1953 1936 1973
f 1961 1946 1965
f 1963 1955 1959
f 1959 1964 1963
f 1943 1949 1960
f 1960 1949 1973
f 1964 1959 1966
f 1946 1951 1965
f 1965 1951 1967
f 1955 1963 1957
f 1951 1962 1967
f 1959 1961 1966
f 1967 1962 1968
f 1968 1962 1954
f 1968 1954 1953
f 1968 1953 1973
f 1969 1961 1971
f 1949 1958 1972
f 1973 1975 1968
f 1970 1964 1966
f 1961 1965 1971
f 1964 1970 1963
f 1971 1965 1974
f 1958 1956 1957
f 1967 1974 1965
f 1969 1970 1966
f 1974 1967 1975
f 1972 1957 1963
f 1968 1975 1967
f 1957 1972 1958
f 1966 1961 1969
f 1976 1971 1978
f 1969 1971 1976
f 1963 1977 1972
f 1979 1972 1977
f 1972 1979 1949
f 1976 1970 1969
f 1973 1949 1979
f 1974 1978 1971
f 1963 1976 1977
f 1970 1976 1963
f 1978 1974 1975
f 1973 1979 1975
f 1976 1978 1977
f 1975 1977 1978
f 1975 1979 1977